trial_index,pfc_mag_standardized,dms_mag_standardized,relative_value_standardized,pfc_mag_filtered,dms_mag_filtered,relative_value_filtered,pfc_phase,dms_phase,relative_value_phase
1,0.7034688804962496,-0.5319240287829773,-0.8316052108562484,0.7004966279386518,-0.48450890043076067,-0.761706064417583,-0.870611103075842,1.989310005575571,-2.7950625707946335
2,-0.7499183284342986,-0.9368127660681663,1.0853822488411526,0.6165132111775435,-0.4798512608259419,-0.6916293755674089,-0.25245011696353503,2.197979433662207,-2.5588488879346327
3,-1.0853153766490404,-1.1392571347107607,1.0853822488411526,0.5340991406683206,-0.47436677744804584,-0.6221912092455014,-0.22736563796233636,2.2035140012266856,-2.4734758198095026
4,-0.638119312362718,-0.7343683974255719,1.0853822488411526,0.4535656731438756,-0.4680577039906684,-0.5536824293592456,0.2206355978086533,2.327679244953549,-2.3539009216143336
5,-1.1971143927206211,-0.1270352914977885,1.0853822488411526,0.3752131263088461,-0.46093081369198236,-0.48638909127569635,0.292052566157146,2.3341702341570194,-2.276280774039771
6,-1.1971143927206211,0.2778534457874003,0.9320328079803664,0.2993284376921797,-0.45299736589441475,-0.42059003596502165,0.6693478639858266,2.435557764242422,-2.179933871737997
7,-1.1971143927206211,-0.5319240287829773,0.9320328079803664,0.22618287824398073,-0.4442730408933825,-0.3565546063510783,0.7967601530701081,2.442501466541909,-2.1044542631560654
8,-0.7499183284342986,-0.5319240287829773,0.9320328079803664,0.15602995072732637,-0.43477784560815247,-0.2945405176743994,1.099468770970783,2.5334694403028135,-2.0170941104704
9,-0.5263202962911374,-0.9368127660681663,0.7851477367369225,0.08910349675711503,-0.4245359922505873,-0.2347919069836445,1.2707935686724532,2.540540247977799,-1.941109842076807
10,-0.97351636057746,0.27785344578740057,0.6444545328159639,0.025616030313812637,-0.4135757514332248,-0.17753758063795122,1.4938423981395181,2.625793316667798,-1.8572896490815074
11,-1.0853153766490404,0.07540907714480603,0.5096921811217106,-0.03424268989083933,-0.40192928072892203,-0.12298947298184634,1.6829427463273847,2.632725142284215,-1.7788894298094198
12,-0.638119312362718,-1.1392571347107607,0.38061066952028033,-0.09030684151251017,-0.3896324296489014,-0.07134132420045139,1.8402457325055601,2.7146127093637737,-1.6954637132625885
13,-0.19092324807639557,-0.32947966014038277,0.38061066952028033,-0.14243546958727019,-0.3767245218986544,-0.022767580876434323,2.026092674443216,2.721155516364427,-1.6128310939877246
14,0.03267478406676562,-0.7343683974255719,0.2569705250152872,-0.1905131677036168,-0.3632481154232191,0.022577480969182048,2.1389986723008207,2.8010644140205003,-1.527351611020105
15,-1.0853153766490404,-1.1392571347107607,0.2569705250152872,-0.23445051285690707,-0.3492487405791279,0.06456041357207781,2.311754558026397,2.8069595957637095,-1.4384689818672562
16,-1.0853153766490407,-0.7343683974255719,0.2569705250152872,-0.2741842599173421,-0.33477461723195395,0.10306904142801701,2.3976123546164683,2.885823149309921,-1.3485762769287686
17,-0.30272226414797626,0.6827421830725894,0.2569705250152872,-0.3096773032854757,-0.31987635272305737,0.1380126989948067,2.554828153289788,2.890783019621371,-1.2510619758381
18,-0.41452128021955675,-0.5319240287829773,0.2569705250152872,-0.3409184148216524,-0.304606624167377,0.1693222708765398,2.6248612016889137,2.9693120098727492,-1.1542163413359927
19,-1.0853153766490404,-0.9368127660681661,0.2569705250152872,-0.3679217689558846,-0.2890198498863153,0.19695004434878885,2.7673014188574903,2.9729963887730606,-1.045324881607033
20,-0.30272226414797626,-0.7343683974255719,0.2569705250152872,-0.3907262678071968,-0.27317185547494033,0.2208693849310522,2.8282030358658323,3.0518060489648198,-0.9388156735576281
21,-0.9735163605774598,0.48029781442999486,0.29189181033651457,-0.4093946808041821,-0.2571195402275287,0.2410742463930685,2.957626824889725,3.053789343437362,-0.8158140936397889
22,-0.7499183284342986,1.0876309203577783,0.29189181033651457,-0.42401261471596174,-0.2409205500150626,0.25757852712905915,3.013310960260156,3.133487001989175,-0.6972601495773322
23,-0.4145212802195569,-1.1392571347107607,0.29189181033651457,-0.4346873313919459,-0.2246329632446077,0.27041528527832404,3.131569198853343,3.1332057944482297,-0.5585740894691945
24,1.5978610090688945,-0.9368127660681661,0.29189181033651457,-0.4415464319048819,-0.20831499651483723,0.27963582534443787,-3.0988492516588964,-3.0687138447153286,-0.42725160928700834
25,-1.1971143927206211,1.0876309203577785,0.29189181033651457,-0.4447364268831115,-0.19202473575470866,0.28530866939287053,-2.9901137410979075,-3.072051877775245,-0.27457377145593026
26,0.1444738001383463,2.9096302381411285,0.29189181033651457,-0.4444212130221317,-0.17581989769332945,0.2875184261958605,-2.9388949040858936,-2.98836552848536,-0.13337368014324175
27,-0.97351636057746,-0.1270352914977885,0.29189181033651457,-0.4407804747909193,-0.1597576257604007,0.28636457194307235,-2.8383113863224354,-2.9959534013844937,0.026471233466987116
28,0.03267478406676562,-0.7343683974255717,0.17199156533538384,-0.43400802876044703,-0.14389432289239987,0.28196015634870647,-2.787815422568743,-2.908662777031666,0.17029266574224425
29,1.8214590412120557,0.48029781442999486,0.17199156533538384,-0.42431012669727297,-0.1282855203011036,0.2744304481572641,-2.694268303023677,-2.922451073980145,0.3266525521096669
30,1.0388659287109914,-0.9368127660681661,0.05714565569111205,-0.41190373269189645,-0.11298577705554969,0.26391153415291274,-2.6439948406100386,-2.8297410306998847,0.4641418017040189
31,-0.97351636057746,-1.1392571347107607,0.10049045926449453,-0.39701478817112296,-0.09804860230985654,0.2505488857561368,-2.5565852061538106,-2.8532822545646375,0.6074892962370584
32,-1.1971143927206211,0.8851865517151837,0.10049045926449453,-0.3798764757789732,-0.0835263910301127,0.23449590709797,-2.5062325965449834,-2.7520354009602217,0.7323021058132905
33,-0.9735163605774598,-0.5319240287829773,-0.011341356718290485,-0.3607274893311194,-0.06947036464597489,0.21591247809683964,-2.424239299586867,-2.7929062993305966,0.8580884061121032
34,-0.8617173445058793,-0.5319240287829773,-0.118458957967501,-0.3398103141861586,-0.05593050931154869,0.19496350557392722,-2.373630902059875,-2.676906661063684,0.9681758428077574
35,-0.07912423200481505,-0.5319240287829773,-0.118458957967501,-0.3173695218182597,-0.04295550567731817,0.17181749486979384,-2.296477432568455,-2.7562837902526045,1.0764938884137387
36,-0.41452128021955664,-0.7343683974255717,-0.118458957967501,-0.2936500838096585,-0.0305926450120355,0.14664515374855444,-2.245517639541623,-2.610056497266444,1.172809957042664
37,-1.0853153766490404,0.27785344578740057,-0.118458957967501,-0.26889571255389505,-0.01888772754903939,0.11961803955014036,-2.1727456956838447,-2.8376950420132716,1.2660545143775022
38,0.36807183228150736,1.492519657642967,0.03489048289328539,-0.2433472376532679,-0.007884940399133124,0.09090725958904733,-2.1213931980050456,-2.623712927480648,1.3507230398061523
39,-0.5263202962911374,-1.1392571347107607,-0.0677116290061686,-0.21724102816187593,0.0023732861110059966,0.060682233800598076,-2.052642323947273,1.3092709101770836,1.4317754799898128
40,-0.8617173445058793,-0.7343683974255719,-0.07417599862351111,-0.19080747174507912,0.011846444034064733,0.029109527739511566,-2.0008936982036363,0.7945397552626399,1.5069983775067866
41,0.03267478406676562,-0.32947966014038277,-0.1724529693870405,-0.16426952265127537,0.02049613580725068,-0.00364823666643857,-1.9358860761024432,0.9132551879561609,1.5784186401937135
42,1.7096600251404754,-0.1270352914977884,-0.26658712319393724,-0.13784133114873431,0.028286285271494203,-0.03743338571850282,-1.8837658066641862,0.8353951101282606,1.6460674986390866
43,0.81526789656783,0.07540907714480603,-0.35675309843814873,-0.11172696766340058,0.035183371484035685,-0.07209410744211953,-1.82229540359848,0.9247752017156841,1.7098916681366032
44,1.0388659287109911,-1.1392571347107607,-0.44311817171874723,-0.08611925467770914,0.0411566834188254,-0.10748526798661617,-1.7698501875408765,0.9073701536442825,1.7714399011854758
45,-0.41452128021955675,0.8851865517151839,-0.4493100390412325,-0.061198717713423334,0.0461785918823529,-0.14346912556798422,-1.711775770233009,0.979373369448416,1.8292185191437615
46,-0.7499183284342988,-0.32947966014038294,-0.5320344354952262,-0.0371326634626287,0.05022483352172104,-0.17991593742236003,-1.6590720419702223,0.9852769766262478,1.8857938447929872
47,0.2562728162099268,0.6827421830725894,-0.6112716260484456,-0.014074389596443356,0.053274800616000866,-0.21670445626002927,-1.6043139048743305,1.0473457082791207,1.9386928171062525
48,-0.3027222641479761,0.8851865517151839,-0.5338191712751786,0.00783747156057946,0.05531182952454296,-0.25372231387956745,-1.5514381213366641,1.0655787033084427,1.9911544641646102
49,-0.19092324807639557,-1.1392571347107607,-0.539750023501884,0.02847947392955053,0.05632348052615757,-0.29086629086811316,-1.4999785532794179,1.1213697164876664,2.0400535404870697
50,1.7096600251404748,-0.9368127660681663,-0.618911979403538,0.047743741086573976,0.05630180234568885,-0.3280424726219258,-1.4470400850222795,1.147239520900849,2.089061867449675
51,0.5916698644246687,2.9096302381411285,-0.624592819496361,0.06553820947936428,0.05524357538536068,-0.3651662931992642,-1.3989278786756147,1.1987660350925313,2.1346336325461124
52,3.4984442822857655,-0.7343683974255717,-0.5470683015509487,0.08178672885835239,0.0531505279036077,-0.40216246970296254,-1.3460648553598058,1.2298360758122144,2.18070488191214
53,-0.5263202962911374,0.07540907714480603,-0.5525096686473857,0.09642901895774152,0.05002951928288217,-0.4389648309646332,-1.301424906122043,1.2783111602650246,2.223473734534243
54,0.032674784066765765,-0.7343683974255719,-0.6316025991641723,0.10942048501366274,0.04589268497525154,-0.47551604526177843,-1.2488142925913348,1.3131500467008852,2.2670208595152626
55,-0.4145212802195569,-0.32947966014038294,-0.6368145881296061,0.12073189956900822,0.04075753882805914,-0.5117672526131857,-1.2078645151446974,1.3593538945369752,2.3074057928699823
56,0.1444738001383463,1.6949640262855612,-0.7125733953909748,0.1303489624963336,0.03464702924079665,-0.547677607847167,-1.1557389356410144,1.3970441930135042,2.348768220707187
57,-0.3027222641479761,1.0876309203577783,-0.7175656755467456,0.13827175369012548,0.02758954537607012,-0.5832137411613935,-1.1188182007385772,1.4415028537135754,2.387113491773402
58,1.5978610090688945,0.07540907714480603,-0.790130907864785,0.14451409326119674,0.01961886928630885,-0.618349143366059,-1.067493601488791,1.481416421690083,2.4265785833094213
59,-0.7499183284342988,-0.32947966014038277,-0.794912740926787,0.14910282340088368,0.010774070633943306,-0.6530634834756006,-1.0351064817825562,1.5244970663409865,2.4631755584797728
60,0.4798708483530882,1.897408394928156,-0.8644190218692036,0.15207702556334937,0.0010993428997436595,-0.6873418668047988,-0.9850274974089687,1.5661808412304232,2.500993922766221
61,-1.0853153766490407,-0.7343683974255717,-0.8689992791302915,0.15348718668520198,-0.00935621737753302,-0.7211740422333505,-0.9579155415356083,1.60814662370595,2.5360964946960136
62,-1.1971143927206211,0.07540907714480603,-0.9355755572750681,0.15339432839087888,-0.020538884549809008,-0.7545535678270092,-0.9097311242615825,1.6512600638342312,2.572492721865103
63,0.81526789656783,0.07540907714480603,-0.9399627360631473,0.15186911265996741,-0.03239062541394011,-0.7874769445413379,-0.8889875966289297,1.6923038439076155,2.606327978770429
64,0.7034688804962496,-0.9368127660681663,-0.850383083364135,0.1489909357622512,-0.044849461345807404,-0.8199427282817965,-0.8436803655511269,1.7365826272427238,2.6415078993216845
65,0.1444738001383463,-0.32947966014038294,-0.7012358819456803,0.14484701986072746,-0.05784986320649913,-0.8519506311290088,-0.8309375429903909,1.776848696410579,2.6742832275643122
66,0.1444738001383463,-0.7343683974255717,-0.711725347685996,0.1395315097373809,-0.07132317133895852,-0.8835006229882473,-0.7900509562874879,1.8220824941327498,2.7084385000368973
67,-1.0853153766490407,0.8851865517151837,-0.7217726352008601,0.13314458142937766,-0.08519803393285066,-0.9145920451556123,-0.7877880266123468,1.8616809190190144,2.740345980305894
68,-1.0853153766490404,-0.7343683974255719,-0.7313963842940435,0.1257915697431121,-0.09940085849978156,-0.9452227471825227,-0.7538337458306406,1.9076989562875175,2.773656628023229
69,-0.3027222641479761,-0.1270352914977885,-0.7989423582833575,0.11758212138495043,-0.11385627260932847,-0.9753882579371567,-0.7658726733070427,1.9467150827304296,2.804875401756789
70,-0.4145212802195569,0.48029781442999514,-0.8081604230069487,0.10862937886724487,-0.1284875908964075,-1.0050810009954168,-0.7430577268728586,1.9933761755127515,2.837510827735344
71,-0.0791242320048149,-0.1270352914977884,-0.8169899047843263,0.09904919745304518,-0.14321728564001354,-1.034289563574807,-0.7752736914479663,2.0318769299329125,2.8682080091928457
72,0.032674784066765765,-0.9368127660681663,-0.8816885117432853,0.0889593940318739,-0.15796745818456076,-1.0629980272475579,-0.7706869580124632,2.079062305712946,2.9003269631512922
73,1.1506649447825719,-0.5319240287829773,-0.8901457910958079,0.07847902390509451,-0.17266030829136758,-1.0911853676762484,-0.8315461739722046,2.117100430328988,2.9306575943245727
74,1.3742629769257333,0.27785344578740057,-0.9521170603692674,0.06772767955306387,-0.1872185984118847,-1.1188249296157429,-0.8563559050433707,2.1647084140057884,2.9624075060414463
75,-0.5263202962911374,-0.1270352914977885,-1.0114759615245859,0.05682480486679216,-0.20156611023582474,-1.1458839824267448,-0.9549599641106782,2.202325345768696,2.9925139707236843
76,1.4860619929973138,-0.1270352914977884,-1.019576728460859,0.04588901922680323,-0.21562809164519847,-1.1723233603677314,-1.021928993101156,2.2502672997821964,3.0240299951993967
77,0.2562728162099268,0.07540907714480603,-1.027336011584957,0.03503744790768773,-0.22933169282378016,-1.1980971909974993,-1.1568705578083045,2.287495083758791,3.054041226495455
78,-0.5263202962911374,-0.9368127660681663,-1.084192667704406,0.02438505782245987,-0.24260639031310557,-1.2231527141419953,-1.2647068570018933,2.3356921794832193,3.0854452732868256
79,0.1444738001383463,-0.1270352914977885,-1.0916248620970537,0.014043999943859149,-0.2553843974533293,-1.2474301930446494,-1.4057428486247028,2.3725546936948714,3.115476006666616
80,0.9270669126394105,1.0876309203577783,-1.0987437560214879,0.004122961519059918,-0.26760105935039924,-1.2708629185035147,-1.5219074035710822,2.4209352996066773,-3.136309356894636
81,-1.1971143927206211,-0.5319240287829773,-1.1055625565035467,-0.005273467735176118,-0.27919523042926053,-1.2933773059831863,-1.6270176173897697,2.45744904144972,-3.1061591127348436
82,0.4798708483530882,-0.9368127660681663,-1.160022448485486,-0.014045410799108171,-0.2901096324252557,-1.3148930848657356,-1.7160648319161687,2.505946619019744,-3.0746699163873017
83,-0.638119312362718,-0.5319240287829773,-1.212186610733325,-0.022098295051885396,-0.3002911899781956,-1.3353235781629678,-1.7735283666053325,2.5421212321116204,-3.0443150898576925
84,-1.0853153766490407,0.07540907714480603,-1.2187179680632245,-0.029343415788938527,-0.3096913401606425,-1.354576070152207,-1.8272368460171724,2.590672670426247,-3.012657918543344
85,1.2624639608541528,-0.5319240287829773,-1.2686831759252095,-0.035698467446792836,-0.3182663120265703,-1.3725522585447671,-1.8485634039819552,2.626511341010224,-2.9820282251852395
86,0.36807183228150764,-0.9368127660681663,-1.274939207126455,-0.04108803954828879,-0.3259773727384946,-1.389148786986113,-1.873896713986473,2.675055661885395,-2.950138725861758
87,-0.3027222641479761,-0.9368127660681663,-1.3227981564340288,-0.04544407553590936,-0.33279103751968203,-1.4042578529377423,-1.8722912856867286,2.710555402114511,-2.9191781644275236
88,-0.07912423200481505,0.27785344578740057,-1.368639635471837,-0.04870629313907869,-0.33867924136028393,-1.4177678853004752,-1.8775964813097936,2.7590326749352325,-2.8870057392141573
89,-0.07912423200481476,-1.1392571347107607,-1.4125486896984256,-0.05082256448823147,-0.34361947132912407,-1.4295642855042456,-1.8619684034551596,2.794184386455563,-2.855671776979854
90,2.1568560894267974,-0.9368127660681663,-1.4546067795232185,-0.05174925339348092,-0.34759485956496516,-1.4395302252230588,-1.8533945243868637,2.842534640275879,-2.8231786791672437
91,-1.1971143927206211,0.8851865517151839,-1.4605990908322009,-0.0514515065435575,-0.3505942382583236,-1.4475474934005381,-1.8290972300989383,2.8773227973249402,-2.7914411936314427
92,-0.41452128021955675,-0.32947966014038294,-1.4663387992301713,-0.049903494570219906,-0.3526121589924695,-1.4534973849122212,-1.810735901159051,2.9254847013761243,-2.7586014100521
93,-0.8617173445058793,-0.9368127660681661,-1.4718365530675512,-0.04708859766282634,-0.35364887956055013,-1.4572616229443456,-1.780953719065575,2.9598864714499036,-2.7264414656369795
94,-1.1971143927206211,-0.5319240287829773,-1.4718365530675512,-0.04299952937863542,-0.35371032156530574,-1.4587233070087209,-1.7555012720758965,3.0077955833552537,-2.693239467537686
95,-0.41452128021955675,1.0876309203577783,-1.3587722641160314,-0.037638392595011685,-0.35280800179766225,-1.457767878399849,-1.7221712456387954,3.0417792509767847,-2.6606480073961167
96,1.2624639608541524,-1.1392571347107607,-1.403823585045556,-0.031016663494504316,-0.3509589400612694,-1.4542840947915452,-1.6914391528895483,3.0893657185817003,-2.627077448178431
97,-1.0853153766490404,1.6949640262855612,-1.446975789886993,-0.02315510226558983,-0.34818554588257644,-1.4481650055200743,-1.6557769483127278,3.12288835215935,-2.5940539725108307
98,0.9270669126394105,0.27785344578740057,-1.446975789886993,-0.01408359162524197,-0.3445154859000627,-1.439308918874169,-1.6210168417097188,-3.1131112850497327,-2.5601163964388776
99,-1.0853153766490404,-1.1392571347107607,-1.4883089349370646,-0.0038409055537785494,-0.33998153218603144,-1.4276203524236595,-1.5838099543932065,-3.0801069445926768,-2.5266676797777716
100,-0.0791242320048149,-0.9368127660681663,-1.5278997017590112,0.007525589050362259,-0.33462138940971115,-1.413010957139557,-1.545912645526288,-3.0334119869286797,-2.492371282840674
101,-0.4145212802195569,-0.7343683974255717,-1.5658215394428112,0.01996029494723178,-0.3284774963422326,-1.3954004058724776,-1.5076864965542074,-3.001001327587961,-2.4585101581459923
102,-0.5263202962911374,-0.9368127660681661,-1.602144800868485,0.033399807910475074,-0.32159679585710654,-1.3747172367197993,-1.4673044860076063,-2.954902610017524,-2.4238686182243283
103,1.8214590412120557,-0.7343683974255719,-1.6369368732252918,0.04777339622960969,-0.3140304679422467,-1.3508996419611732,-1.4284192362025223,-2.9231834671676205,-2.3896128349812056
104,1.0388659287109914,-0.9368127660681663,-1.6702623030289516,0.06300353038333956,-0.30583362193445524,-1.323896193606067,-1.3860436616073788,-2.8778062412130168,-2.354644212616448
105,0.4798708483530882,-0.9368127660681661,-1.6755283017802323,0.07900645623621594,-0.2970649464158912,-1.2936664971960874,-1.346752488378116,-2.846903818435818,-2.320015365718058
106,-0.638119312362718,0.6827421830725894,-1.7074489146201106,0.09569280592989944,-0.2877863175148122,-1.260181766347225,-1.3027627923641236,-2.8023976713899303,-2.2847410711284195
107,0.1444738001383463,-0.5319240287829773,-1.7074489146201106,0.11296824287186476,-0.27806236853395755,-1.2234253116011533,-1.26324829502904,-2.772470609467632,-2.2497635958427424
108,0.1444738001383463,-1.1392571347107607,-1.5846744889977327,0.13073413965344466,-0.26796002556641174,-1.183392938469501,-1.2179454028578673,-2.72901520258226,-2.214207419564882
109,-1.0853153766490407,-0.5319240287829773,-1.4670755583906931,0.1488882890669896,-0.2575480147651827,-1.1400932510724884,-1.178343305249614,-2.7002637068375535,-2.178907652367137
110,1.0388659287109911,0.07540907714480603,-1.5077833932344804,0.1673256483593103,-0.24689634747861272,-1.0935478594265158,-1.1319725277545511,-2.6580765069572347,-2.1430948633526037
111,-0.8617173445058793,0.27785344578740057,-1.3594779655595786,0.18593911596025098,-0.23607579018173963,-1.0437914901165322,-1.0923876025992096,-2.6307537289429854,-2.1075001762994385
112,-0.41452128021955664,-0.32947966014038277,-1.2451203409560434,0.20462033866451934,-0.225157327121445,-0.9908720017004018,-1.04515474769914,-2.5901008207184426,-2.0714566995099055
113,-0.4145212802195569,-0.1270352914977885,-1.10306665502449,0.22326054583211732,-0.21421162424529827,-0.9348503076904776,-1.0056716464795439,-2.564529122815308,-2.0355947232137477
114,0.03267478406676547,0.8851865517151837,-0.993529719364123,0.24175140553661487,-0.2033085028627075,-0.8758002113203316,-0.9577544054008094,-2.5257406321345472,-1.9993464139154697
115,0.032674784066765765,0.48029781442999514,-0.8886102588956118,0.25998589555049917,-0.19251643076101532,-0.8138081574808378,-0.9184449744373666,-2.5023351329694217,-1.9632443665995385
116,-0.7499183284342988,-0.5319240287829773,-0.7881136262425364,0.2778591797034841,-0.1819020373883303,-0.7489729081377746,-0.870000885677335,-2.46582743414347,-1.9268163983366917
117,1.7096600251404754,0.27785344578740057,-0.6520481429820388,0.29526947786553087,-0.17152965815415624,-0.6814051482004772,-0.8309289393273057,-2.445130219099218,-1.890500536229423
118,2.715851169784701,-1.1392571347107607,-0.521718432679179,0.31211891594225316,-0.1614609110217773,-0.6112270292181279,-0.7821007914986535,-2.4114377969491203,-1.8539169154600508
119,-0.9735163605774598,0.07540907714480603,-0.42545818572872585,0.32831434127798026,-0.15175430698596692,-0.5385716584629574,-0.7433250113833619,-2.3941673821458243,-1.817412114174867
120,-0.0791242320048149,0.07540907714480603,-0.3332557417428711,0.343768089408904,-0.14246489532101728,-0.4635825409257717,-0.6942443628373908,-2.363987948230072,-1.7806953275490578
121,-0.41452128021955675,0.07540907714480603,-0.20842001573359398,0.3583986901349643,-0.133643944639437,-0.3864129815003451,-0.6558199065552133,-2.3511099686253374,-1.7440247963997837
122,2.6040521537131203,-0.5319240287829773,-0.24219611869583552,0.37213150292547786,-0.12533866128833818,-0.30722545418944647,-0.6066093362897826,-2.3253669493448434,-1.7071955888636858
123,2.60405215371312,-0.5319240287829773,-0.1538804230032986,0.38489927238933846,-0.11759194688538846,-0.22619094457470362,-0.5685886469173106,-2.3181929710089726,-1.6703807124662176
124,-0.3027222641479761,1.492519657642967,-0.06928763165762224,0.39664259461244944,-0.11044219679232269,-0.14348827112810936,-0.5193631636041858,-2.298118366617355,-1.6334579868613157
125,0.4798708483530882,-0.32947966014038277,0.05170952110816783,0.4073102865348303,-0.10392314129303001,-0.059303390288035156,-0.4817962366137919,-2.298436791967667,-1.5965182809774152
126,0.03267478406676562,-0.5319240287829773,0.13273634529314457,0.4168596537717329,-0.09806373111781391,0.02617131036871726,-0.4326640746724783,-2.2856693263828434,-1.5595191029354198
127,-0.07912423200481476,0.6827421830725894,0.21034752389434258,0.42525665577414307,-0.09288806836982087,0.11273772706397137,-0.39559837543974946,-2.295894769563148,-1.5224722660695678
128,3.051248217999443,1.2900752890003726,0.28468704175716736,0.43247596918789727,-0.08841538289213141,0.20019275959985444,-0.3466614236161097,-2.292559057354639,-1.485411954897648
129,0.1444738001383463,-0.5319240287829773,0.3558928141172838,0.4385009506608259,-0.08466005301152076,0.2883290332748432,-0.3101416420311582,-2.315825926762516,-1.448273996806082
130,1.5978610090688945,-0.7343683974255719,0.42409694246200397,0.44332350059026643,-0.08163166834631605,0.37693562079040227,-0.2614956293765607,-2.324475687203942,-1.4111662849092
131,-0.41452128021955675,-0.9368127660681663,0.42409694246200397,0.44694383068356824,-0.07933513080020159,0.46579876254919156,-0.22556328732250017,-2.3644389017258858,-1.3739517159884191
132,4.057439362643668,0.8851865517151837,0.48942595960596535,0.44937014073826054,-0.07777078857465251,0.5547025842312833,-0.17729774533309808,-2.387566065821808,-1.3368089618394234
133,-0.8617173445058793,0.07540907714480603,0.6053225374121494,0.45061821292564913,-0.0769345978806152,0.6434298109193568,-0.14199072111826247,-2.4473644585590812,-1.299531028835832
134,-0.3027222641479761,-0.32947966014038277,0.7163335524662371,0.4507109347007648,-0.0768183078542924,0.7317624772892571,-0.09418889962284703,-2.485969796370027,-1.2623644690890519
135,-0.6381193123627181,0.8851865517151839,0.8226649532427778,0.44967776430015655,-0.07740966489953928,0.8194826334870109,-0.0595411222037084,-2.5656840898661595,-1.2250354229347176
136,-0.638119312362718,-0.7343683974255717,0.8852400580725779,0.44755415491283096,-0.0786926325914478,0.9063730463323374,-0.012280164416775746,-2.616819803978557,-1.1878554503023397
137,0.7034688804962492,-0.9368127660681663,0.9870891113903278,0.4443809537251876,-0.08064762260871143,0.9922178954996083,0.0216782299563123,-2.7101773684995214,-1.1504868343904227
138,-0.07912423200481505,-0.9368127660681661,1.084644768383144,0.4402037898767033,-0.08325173155420454,1.0768034643757136,0.06832662397811307,-2.7654949012407783,-1.1133032922251722
139,0.1444738001383463,-0.1270352914977885,1.1780880150435562,0.435072462109215,-0.08647897861524798,1.1599188253810069,0.10156858085929034,-2.8599277374430003,-1.0759062451146169
140,2.045057073355217,1.2900752890003726,1.1142427671285633,0.42904033396768787,-0.09030054019846978,1.241356519649335,0.14753706557782806,-2.908700016445246,-1.0387287355011603
141,-0.4145212802195569,-0.9368127660681663,1.1741800494518504,0.42216374250221433,-0.09468497957934327,1.3209132310784484,0.18003754179180934,-2.9914926687129126,-1.0013143067966273
142,-0.0791242320048149,-0.9368127660681661,1.2663756071559156,0.4145014256248744,-0.09959847116456312,1.398390454837805,0.22526184200251004,-3.026386378192779,-0.9641525117364103
143,-0.7499183284342988,-0.5319240287829773,1.354684706854456,0.40611397332441407,-0.10500501954986563,1.4735951603808122,0.2569965589407529,-3.090857179263492,-0.9267319904194179
144,1.9332580572836364,0.8851865517151837,1.4392711802569913,0.3970633080737216,-0.11086667376400348,1.5463404488044266,0.3014140662711198,-3.110123928069431,-0.8895960041586805
145,-0.30272226414797626,0.07540907714480603,1.5202919528285863,0.38741219916190067,-0.11714373782384169,1.6164462040627938,0.33235805059953194,3.1273523269806716,-0.8521812557399521
146,0.4798708483530882,-0.32947966014038277,1.597897334919163,0.37722381444240316,-0.12379497982942013,1.6837397371566385,0.3759061945979883,3.1218925029582403,-0.8150819232290755
147,-1.0853153766490404,-0.32947966014038294,1.6722313006203964,0.3665613119661612,-0.1307778423737063,1.7480564220537955,0.40603197427456966,3.0922572597362823,-0.7776857302740073
148,-0.9735163605774598,0.27785344578740057,1.7434317548675395,0.355487473428043,-0.1380486567260353,1.8092403217750452,0.44864626303529753,3.097702676574148,-0.7406349869995744
149,0.9270669126394105,-0.1270352914977885,1.658281348420915,0.3440643804829922,-0.14556286267581942,1.8671448028036717,0.47792162586750525,3.0807930329731947,-0.7032713896416797
150,0.36807183228150764,-0.5319240287829773,1.730069855983776,0.3323531329713569,-0.15327523561683337,1.92163313572681,0.5195332968172144,3.094435595918284,-0.6662826008015708
151,2.2686551054983783,-0.9368127660681663,1.7988321546178092,0.3204136052644949,-0.16114012236282593,1.9725790797392515,0.5479185814209997,3.0872952171786188,-0.6289672358779739
152,-0.5263202962911374,3.9218520813541007,1.864695812659393,0.30830423467026313,-0.1691116871705895,2.019867448266222,0.5884519426455661,3.106982617415923,-0.5920555331312436
153,0.36807183228150764,-0.1270352914977884,1.9277830208649611,0.2960818353080661,-0.17714416935849223,2.06339465246144,0.6158970471149585,3.1072868125408686,-0.5548059686170271
154,0.81526789656783,-0.32947966014038294,1.9882108191002166,0.28380143198326807,-0.185192153002165,2.1030692187564317,0.6552668007595016,3.1314063154120455,-0.5179885787473361
155,-0.0791242320048149,-1.1392571347107607,2.0460913134733767,0.2715161101939864,-0.19321084657609125,2.1388122760580206,0.6817081736936784,3.137402537465186,-0.480824635392216
156,2.2686551054983783,-0.32947966014038294,2.1015318843152713,0.2592768795211461,-0.20115636665538675,2.170558007671551,0.7198169140614002,-3.118419009328345,-0.4441211910222772
157,-0.7499183284342988,-1.1392571347107607,2.154635385392146,0.24713254835760814,-0.20898601692846525,2.1982540625910163,0.7451745616764198,-3.1080375952175228,-0.407065240570131
158,0.81526789656783,0.07540907714480603,2.205500334720746,0.23512960887373371,-0.21665855318330546,2.2218619204516616,0.7819104161442687,-3.078305619350392,-0.3704980624333961
159,0.5916698644246687,-0.9368127660681661,2.254221097339686,0.22331213255617197,-0.22413442619617244,2.241357204191732,0.8060847899255816,-3.064516011900614,-0.333575292462372
160,-0.9735163605774598,-0.9368127660681661,2.300888060376184,0.21172167819246146,-0.23137599638279108,2.2567299343245253,0.8413190679082176,-3.0330673904639247,-0.2971696338565169
161,-1.1971143927206211,-0.7343683974255717,2.358298716292346,0.2003972152246783,-0.23834771596592327,2.2679847186873237,0.8641875636065782,-3.016605536311788,-0.2604082702682362
162,-1.0853153766490404,0.8851865517151837,2.4029984566491036,0.18937506550782465,-0.245016276236467,2.275140871619613,0.8977721270088276,-2.983929656273234,-0.2241925149850097
163,0.4798708483530882,0.8851865517151839,2.445813901622433,0.17868886521457975,-0.2513507192966842,2.278232456742267,0.9191847595001126,-2.965354512212516,-0.18762399357786225
164,3.0512482179994422,-0.9368127660681663,2.4868244827496016,0.1683695457863787,-0.25732251500538456,2.2773082478778486,0.9509488008331348,-2.9318219395384606,-0.1516297989539465
165,1.374262976925733,-0.32947966014038277,2.5261062831708223,0.15844532951181295,-0.26290560393604284,2.2724316031838785,0.9707227845367902,-2.9115608422208576,-0.11528887805739597
166,-0.638119312362718,-0.32947966014038277,2.581096821362831,0.14894173365859276,-0.26807640600778787,2.263680248274745,1.0004691725743957,-2.8774533653085386,-0.07955125580478463
167,-1.1971143927206211,-0.9368127660681661,2.618722716971279,0.13988157847707847,-0.2728137931062922,2.251145964991225,1.018382820062703,-2.8558339208332444,-0.043476063672854524
168,-1.0853153766490407,-0.7343683974255719,2.654762511612998,0.1312849977397568,-0.27709902351013416,2.2349341835515952,1.045884897358608,-2.8213651665610207,-0.008033393810294828
169,1.3742629769257333,0.07540907714480603,2.6892830665875267,0.12316945295790714,-0.28091563644439654,2.2151634771023594,1.0616717342352655,-2.7986373506288538,0.02773459170008341
170,-0.07912423200481505,-0.9368127660681663,2.568998983828698,0.11554975222395313,-0.28424930621498457,2.1919649591919814,1.0866715796425521,-2.7639666219477443,0.06284061319518354
171,-0.5263202962911374,0.07540907714480603,2.453785416917019,0.10843807255118394,-0.2870876567112112,2.165481586404233,1.100015552921069,-2.740317856992741,0.09825664812568484
172,0.7034688804962492,-0.7343683974255717,2.343428620771955,0.10184398261105283,-0.2894200382529364,2.1358673702394118,1.122224913187912,-2.705559258799914,0.13298111857719053
173,2.045057073355217,-0.5319240287829773,2.2377238606308243,0.09577446188627259,-0.2912372696428725,2.1032865041841133,1.1327584117636817,-2.6811246621380507,0.16799732514224475
174,0.5916698644246687,-0.7343683974255719,2.137046859100164,0.09023391227778275,-0.2925313489729287,2.0679124135982887,1.1518648510562457,-2.646353117271523,0.2022922823489478
175,0.9270669126394105,-0.7343683974255717,2.0357980306926557,0.08522415912884894,-0.29329513746774105,2.029926737451687,1.1591732021571972,-2.621222549480394,0.23685780824940325
176,1.0388659287109911,-0.9368127660681661,1.9393650182251887,0.08074444089321786,-0.2935220216469605,1.9895182520176926,1.1748557655814449,-2.5864778576431093,0.27067239349632094
177,-0.7499183284342988,-0.7343683974255719,1.842384283959238,0.07679139011890926,-0.29320556046579044,1.946881747390558,1.1784939343937741,-2.560700956064642,0.3047335787649649
178,-0.9735163605774598,-0.7343683974255719,1.7494917244433041,0.07335901206014964,-0.2923391258460842,1.9022168681566227,1.1904537256131218,-2.525990784988093,0.33801420071453325
179,-0.7499183284342988,-0.5319240287829773,1.7494917244433041,0.07043866993854506,-0.29091554704092937,1.8557269297460366,1.1899821789015614,-2.4995809648550846,0.371514743171948
180,-0.8617173445058793,0.8851865517151839,1.6605150046985577,0.06801908679294687,-0.2889267713841422,1.807617721950064,1.197992546530369,-2.4648835984136035,0.40420524001775765
181,-0.7499183284342988,0.07540907714480603,1.5752890544417215,0.06608637264447588,-0.2863635557877789,1.7580963108601355,1.1930384216125494,-2.4378219461974098,0.4370863632098263
182,0.36807183228150764,-0.1270352914977885,1.4936557618454345,0.06462408281090079,-0.28321520432301867,1.7073698501303511,1.1970159084551568,-2.40308958381729,0.46912817283661895
183,-0.19092324807639557,1.0876309203577785,1.4154636802079934,0.06361330963975308,-0.27946936693681534,1.6556444120252978,1.187361592911775,-2.375329449478903,0.5013288116144387
184,0.032674784066765765,0.6827421830725894,1.4154636802079934,0.06303280667248957,-0.2751119128929905,1.6031238481884749,1.1874516238205328,-2.34049265231622,0.5326611691788551
185,-0.41452128021955675,0.2778534457874003,1.3405677469882873,0.06285914189308163,-0.2701268902683532,1.5500086894384633,1.1731437439700152,-2.311965396669255,0.5641181959386026
186,0.4798708483530882,0.48029781442999486,1.268829014684674,0.0630668752970176,-0.2644965799901908,1.4964950931839822,1.1698033684523095,-2.2769388371305768,0.5946783846751171
187,1.0388659287109911,-0.9368127660681661,1.1764610880264825,0.0636287551735668,-0.2582016495867897,1.4427738462869888,1.1512594277924753,-2.247560679980663,0.625326904928848
188,-0.5263202962911374,2.5047415008559395,1.0879868855015806,0.06451592698111372,-0.2512214084583631,1.3890294304228372,1.1453054666362144,-2.212249876903243,0.6550505914580949
189,0.36807183228150764,0.8851865517151837,1.0879868855015806,0.06569814866968408,-0.24353416350336207,1.3354391561736285,1.123377361420053,-2.1819293708710115,0.6848243427011458
190,0.1444738001383463,-0.1270352914977884,1.0192722638754306,0.06714400686891785,-0.2351176711106303,1.2821723712104185,1.1159620468430387,-2.14623779085923,0.71364603303689
191,0.4798708483530882,-1.1392571347107607,1.0192722638754306,0.06882112915629278,-0.22594967810344738,1.229389746964022,1.0919102773361815,-2.1148832505820314,0.7424779255160278
192,1.5978610090688945,0.6827421830725894,0.9534542730411106,0.07069638826180026,-0.21600854017959195,1.1772426471901178,1.0844024073609793,-2.0787190758280163,0.7703315830636897
193,-0.19092324807639557,-0.5319240287829773,0.9534542730411106,0.07273609472439944,-0.20527390290407976,1.1258725808591528,1.0597589145132655,-2.046245260720753,0.7981544271606859
194,-0.5263202962911374,-0.9368127660681661,0.8904108069643354,0.07490617570049427,-0.19372742841995297,1.0754107408871414,1.0535496016401424,-2.009527113755868,0.8249743010927695
195,-0.9735163605774598,0.27785344578740057,0.8056661905631923,0.07717233936846424,-0.18135355055872313,1.0259776293861036,1.0298984187625901,-1.9758604810700142,0.8517217728152056
196,0.591669864424669,-0.5319240287829773,0.8056661905631923,0.0795002258516411,-0.1681402412256045,0.9776827693474988,1.0261936962798712,-1.9385215210714581,0.8774434902671675
197,2.8276501858562817,0.07540907714480603,0.7452802905289868,0.08185554585544286,-0.1540797714387531,0.930624501956039,1.0049437183958694,-1.903603636624924,0.9030513881430678
198,-1.0853153766490407,-0.9368127660681661,0.6874399281589932,0.08420420751113611,-0.13916945104504264,0.8848898680368977,1.0046160665921977,-1.865593826967153,0.9276133619560494
199,-0.4145212802195569,-0.9368127660681661,0.6874399281589932,0.08651243169227373,-0.12341233173936131,0.8405545714531544,0.9868422141758634,-1.8293829324139261,0.9520212031846985
200,0.2562728162099268,0.27785344578740057,0.6320377975755774,0.08874685724942027,-0.1068178586933088,0.797683021596087,0.9903800074587663,-1.7906696304499685,0.9753663986563977
201,1.7096600251404754,-0.5319240287829773,0.5789711163271519,0.09087463934806239,-0.08940245719551251,0.7563284514567551,0.9767677446057544,-1.7531406248108956,0.998519391241807
202,-0.8617173445058793,-0.9368127660681664,0.6814908755661818,0.0928635450893837,-0.07119004225749774,0.7165331071409848,0.9843130097542865,-1.7137078068003633,1.020597481892178
203,-0.7499183284342988,-0.7343683974255717,0.6263395243440539,0.09468205090650646,-0.052212440803581735,0.6783285041057869,0.9751911574936587,-1.6748509963442428,1.0424488926029714
204,-1.0853153766490407,0.27785344578740057,0.6263395243440539,0.09629944660600653,-0.03250971768653842,0.6417357448863044,0.9866259907511495,-1.634697487726944,1.0632188144534214
205,0.03267478406676547,-0.9368127660681661,0.5735130509773293,0.0976859510654751,-0.012130398575700405,0.6067658926984058,0.9820469160344323,-1.594516495062496,1.083732726451927
206,0.9270669126394105,0.48029781442999486,0.5229134513931653,0.09881284351699683,0.008868415194434176,0.5734203950740595,0.9970882835272794,-1.553653588797426,1.1031656080441854
207,-0.5263202962911374,-0.9368127660681663,0.5229134513931653,0.09965261205194763,0.030421042792063438,0.5416915515914238,0.9969171612150154,-1.5121627974492047,1.1223200206492634
208,0.4798708483530882,-0.7343683974255717,0.5229134513931653,0.10017911868305963,0.05245333247141306,0.5115630197390652,1.0151957283489996,-1.4706116096490045,1.1404024143506355
209,-1.0853153766490407,1.0876309203577785,0.5229134513931653,0.1003677789995202,0.07488288258212629,0.4830103529590137,1.0191866188971264,-1.4278334759349902,1.1581925737161676
210,0.81526789656783,-0.1270352914977885,0.47444685283179905,0.10019575399775531,0.0976193735430091,0.4560015649466156,1.0403020043055395,-1.3856223327171606,1.1749298399536154
211,-0.638119312362718,0.8851865517151837,0.47444685283179905,0.09964215127069519,0.12056500789014513,0.43049771437547424,1.0481535778497868,-1.3415848231760956,1.1913716076275207
212,0.1444738001383463,-1.1392571347107607,0.47444685283179905,0.09868823195391101,0.14361505466123517,0.40645350438267724,1.0717082141394005,-1.2987468904355057,1.2067912178825815
213,1.1506649447825719,-0.32947966014038277,0.47444685283179905,0.09731761882798225,0.16665849435166172,0.38381789138661154,1.083100355199576,-1.2534812239993576,1.2219241973917592
214,-0.9735163605774598,-0.5319240287829773,0.4280233396930948,0.09551650013537438,0.18957876087550232,0.3625346981049229,1.1087174851033441,-1.2100525192012739,1.2360786365100183
215,0.591669864424669,0.6827421830725894,0.4280233396930948,0.09327382323849358,0.21225457643615678,0.3425432259939331,1.1233332056552947,-1.1635913016691437,1.2499686982553921
216,1.8214590412120557,-0.12703529149778825,0.3468510905625585,0.09058147225355809,0.23456087364063302,0.32377886274266104,1.1506646585215181,-1.1196090984956082,1.262937575680999
217,-0.4145212802195569,0.27785344578740057,0.3468510905625585,0.08743442414205961,0.25636979718904634,0.30617368090320857,1.1682021034807115,-1.0719847842523231,1.2756783656856463
218,-0.8617173445058793,0.6827421830725894,0.3468510905625585,0.0838308784959898,0.2775517758837332,0.2896570241860766,1.196930251162261,-1.027486298995477,1.2875693108848436
219,1.9332580572836364,-0.32947966014038277,0.2691006173322495,0.0797723575093342,0.2979766548538499,0.27415607836041217,1.2171085997251354,-0.9787298671127206,1.2992823243040734
220,-0.6381193123627181,0.07540907714480603,0.2691006173322495,0.07526377398343043,0.3175148775636518,0.2595964240635036,1.2469453399926766,-0.933751147681822,1.310230270322193
221,1.1506649447825719,0.48029781442999514,0.2691006173322495,0.07031346615282943,0.33603870699094773,0.24590256914465744,1.269507116044784,-0.8838909417720153,1.3210631427884598
222,1.0388659287109911,-0.32947966014038294,0.2691006173322495,0.06493319885337061,0.3534234750035749,0.23299845844832634,1.3001914348805759,-0.8384659203418626,1.3312277183021572
223,-0.5263202962911374,-0.1270352914977885,0.22463406436359631,0.05913813169677323,0.36954884827175055,0.22080795918469845,1.324902689254434,-0.7875265877057099,1.3413505547147573
224,-0.638119312362718,0.6827421830725894,0.22463406436359631,0.05294675661574451,0.3843000980743614,0.20925532026162452,1.3561975483180089,-0.7416861970302588,1.3509115149958841
225,-0.4145212802195569,-0.32947966014038277,0.22463406436359631,0.0463808089139254,0.3975693601640253,0.19826560417916095,1.3828467056074323,-0.6896875764812144,1.360511326027334
226,-0.9735163605774598,-0.9368127660681663,0.22463406436359631,0.0394651569478513,0.4092568695019996,0.18776509031898178,1.4145354621846056,-0.6434587442058647,1.3696622302126042
227,-0.3027222641479761,3.719407712711506,0.22463406436359631,0.03222767510759955,0.4192721532371419,0.17768164869103514,1.442931031533721,-0.5904144779817069,1.378935837819667
228,-0.5263202962911374,0.07540907714480603,0.22463406436359631,0.024699102892279185,0.42753516395360674,0.1679450834381788,1.4748131473751884,-0.5438187582679026,1.387876466218475
229,0.03267478406676547,-0.32947966014038277,0.18204197687968818,0.016912890233633637,0.43397733449775505,0.15848744566404083,1.5047801702792432,-0.48973436736054776,1.3970225028769616
230,1.4860619929973138,2.5047415008559395,0.18204197687968818,0.00890502652092173,0.43854253632880136,0.1492433154478974,1.5366660027223262,-0.44278596286646466,1.4059507319665894
231,1.3742629769257333,1.897408394928156,0.14124533771776057,0.0007138486887273907,0.44118792523124467,0.14015005323128,1.568041376143751,-0.38765615163180134,1.4151615239901207
232,-0.41452128021955664,1.6949640262855616,0.14124533771776057,-0.0076201770216453545,0.441884660643854,0.1311480210785322,1.5997463321708445,-0.340359132177629,1.4242654751000297
233,0.4798708483530882,0.07540907714480603,0.10216846064435262,-0.01605470393941167,0.44061848776661267,0.12218077460183621,1.6323736076834203,-0.28416413171586324,1.4337196185553998
234,-0.97351636057746,0.6827421830725894,0.10216846064435262,-0.024545786310230182,0.43739017548124054,0.11319522658550918,1.6637122792361794,-0.236508652376266,1.4431708386350217
235,0.7034688804962492,-0.7343683974255719,0.10216846064435262,-0.03304819237225384,0.43221580744311217,0.10414178354125214,1.6974365865476846,-0.17920934241403677,1.4530271421373653
236,-0.19092324807639557,0.48029781442999486,0.0647388499416337,-0.041515746913328336,0.4251269270138648,0.09497445658004125,1.7282172252765637,-0.13116651155198308,1.4629753817022668
237,-0.4145212802195569,-0.5319240287829773,0.028887065912800696,-0.049901700704238286,0.4161705380499989,0.0856509481074054,1.7628804445374942,-0.07269779946205025,1.4733686069355674
238,-0.07912423200481505,5.136518293209668,0.028887065912800696,-0.05815912438184462,0.4054089631677032,0.07613271594386908,1.7928995707178503,-0.024212388764726922,1.4839384891242624
239,1.7096600251404748,-0.32947966014038277,-0.0054534039429737285,-0.06624132458721409,0.39291956016920404,0.06638501653453355,1.828335438301302,0.03552634588656628,1.4949770336562809
240,-0.8617173445058793,-0.1270352914977884,-0.0054534039429737285,-0.07410228028098725,0.3787942975632541,0.05637692892557929,1.8573722304279752,0.08454709210415982,1.506266626748071
241,0.4798708483530882,-0.9368127660681661,-0.0054534039429737285,-0.08169709689849798,0.3631391925302993,0.04608136114494072,1.8934011179982022,0.1457067488687155,1.5180320291969842
242,-0.7499183284342988,-0.12703529149778825,-0.038346268325035036,-0.08898247510987345,0.346073618117151,0.0354750405404206,1.9212114533753037,0.19541130173901505,1.5301131010929765
243,1.9332580572836364,-0.9368127660681661,-0.06985255032410746,-0.09591718970210134,0.32772948839495925,0.024538489519158102,1.9576347872925786,0.25821683622599845,1.5426610551448636
244,-0.9735163605774598,2.0998527635707505,-0.06985255032410746,-0.10246257305265681,0.30825032950983994,0.013255988008595992,1.983945030781009,0.3088401436519252,1.5555806397505885
245,0.4798708483530882,2.099852763570751,-0.06985255032410746,-0.1085829968056292,0.2877902420051323,0.0016155238170381184,2.020539439652736,0.37363060127086534,1.568943103360131
246,-0.3027222641479761,0.8851865517151839,-0.06985255032410746,-0.11424634427815392,0.26651275761207216,-0.010391268097618145,2.0450401864638152,0.42554889674874957,1.582725952304422
247,0.591669864424669,-0.1270352914977885,-0.10003070063279372,-0.11942446483777673,0.24458959365901548,-0.022769176634046165,2.081551516744219,0.492848844811048,1.596913923888655
248,-0.8617173445058793,1.0876309203577783,-0.10003070063279372,-0.12409360041828027,0.22219931070302482,-0.03551949520387806,2.1038916564902532,0.546683552675081,1.6115654356403768
249,-1.0853153766490407,-0.7343683974255717,-0.10003070063279372,-0.128234773666036,0.19952588262273485,-0.04864011158910581,2.14002911455916,0.6173389430800917,1.6265720177632284
250,-0.4145212802195569,-0.9368127660681661,-0.10003070063279372,-0.13183412695389818,0.1767571914078967,-0.06212560670812136,2.1598108232976543,0.6741676305212981,1.6420813051233185
251,-1.0853153766490407,2.5047415008559395,-0.10003070063279372,-0.13488320196809034,0.15408346033670103,-0.07596736213750124,2.1952416315461147,0.7496241145658749,1.657884760851019
252,-0.638119312362718,0.48029781442999514,-0.12893670598374135,-0.13737915109701368,0.13169563934771603,-0.09015367634996677,2.212017236685291,0.8114471300215502,1.6742276088673176
253,0.7034688804962496,-0.9368127660681664,-0.12893670598374135,-0.13932487425564807,0.10978375611574182,-0.10466988970365071,2.2463624415738885,0.8943776701430559,1.6907942097499151
254,-0.8617173445058793,1.6949640262855612,-0.15662419301665334,-0.14072907743530064,0.08853524674793159,-0.11949851825234525,2.2596347780126314,0.9652737868961243,1.707935766510466
255,-0.638119312362718,-0.9368127660681664,-0.1831445277668347,-0.14160625150624276,0.06813328141224499,-0.13461939645312188,2.2924675426542724,1.0611834549514483,1.7252223161816953
256,0.1444738001383463,0.6827421830725894,-0.10426802750198491,-0.14197657129705138,0.04875510181878011,-0.15000982884264466,2.301696847666364,1.150629585241868,1.743119435197822
257,-0.638119312362718,-0.7343683974255716,-0.1296704106950005,-0.14186571596442388,0.030570388594460277,-0.16564475074156393,2.3325460764080743,1.2726784675647913,1.7610754193502467
258,-0.9735163605774602,-0.7343683974255719,-0.1296704106950005,-0.14130461263021946,0.013739677161806919,-0.18149689800796637,2.3371687425344865,1.4070642301653318,1.7796786291243476
259,-0.30272226414797626,0.48029781442999486,-0.20746835103643516,-0.14032910641844057,-0.0015871592368266055,-0.1975369857571753,2.3655330369456626,1.5933651791565902,1.7982479906514155
260,0.36807183228150764,-0.1270352914977884,-0.28198675779097154,-0.13897956139112463,-0.015272341358099004,-0.213733895776072,2.365000022550171,1.8619621434144968,1.8175031070700183
261,-0.8617173445058793,-0.9368127660681661,-0.28198675779097154,-0.13730039844747982,-0.0271915137392156,-0.23005487212195158,2.390379205723833,2.2249115137170077,1.8366256767498303
262,0.2562728162099268,-0.1270352914977884,-0.28198675779097154,-0.13533957777659408,-0.03723495674050505,-0.24646572418903295,2.3842235065625053,2.7890784182399453,1.8564750960582326
263,-0.8617173445058793,-0.9368127660681661,-0.28198675779097154,-0.13314803458279126,-0.04530866618145093,-0.2629310364141294,2.4061763592046517,-3.0582933132876016,1.8760877204942066
264,1.7096600251404748,0.8851865517151837,-0.28198675779097154,-0.13077907750172785,-0.051335287073251384,-0.27941438377550093,2.3941173391057897,-2.6533012904509716,1.8964714330463575
265,0.36807183228150736,-1.1392571347107607,-0.28198675779097154,-0.1282877595380094,-0.05525488945778589,-0.2958785522587994,2.4123523171047108,-2.447340010203287,1.9165088390039315
266,-1.0853153766490404,0.07540907714480603,-0.3063183161202037,-0.12573023126118363,-0.05702557591566692,-0.3122857634592053,2.394435321275041,-2.251265415911296,1.937365202239673
267,-0.30272226414797626,-1.1392571347107607,-0.37769543639953157,-0.1231630850396639,-0.056623911549972566,-0.3285979024287441,2.4089313459168835,-2.134121873465004,1.9577606386945758
268,-0.9735163605774602,-1.1392571347107607,-0.37769543639953157,-0.12064269764890737,-0.054045168322916934,-0.34477674776884226,2.3856788903319237,-2.0125407630883165,1.9790269540999512
269,1.597861009068894,-0.5319240287829773,-0.37769543639953157,-0.11822457776324628,-0.04930337705019155,-0.3607842028449596,2.3968119429175547,-1.9254101319568415,1.9997126603334896
270,-0.19092324807639557,-0.32947966014038277,-0.37769543639953157,-0.11596272519074831,-0.042431182555711676,-0.3765825269024784,2.3693298962533365,-1.834472497388631,2.0213256037151726
271,0.5916698644246687,-0.9368127660681661,-0.40100130995597816,-0.11390900947454222,-0.03347950039880651,-0.392134564802894,2.3779527625782393,-1.7598882549034927,2.0422331518011436
272,-0.7499183284342988,-0.1270352914977885,-0.4233247359724908,-0.11211257546564296,-0.022516976722262553,-0.4074039740520022,2.347911932108431,-1.684267565773458,2.064129102660722
273,-0.7499183284342988,-0.9368127660681661,-0.4447071290378163,-0.11061928240788527,-0.009629255652192466,-0.4223554477267776,2.355321906345318,-1.6158687778945513,2.085189657579077
274,-0.7499183284342985,-0.7343683974255716,-0.4651881579292544,-0.10947118183332771,0.0050819387807911846,-0.43695493182032497,2.324760232092092,-1.5490880707531565,2.1073049691307215
275,0.4798708483530882,-0.9368127660681661,-0.48480581920647414,-0.10870603921126464,0.021499896799999224,-0.4511698354329567,2.3325233869266513,-1.4841267300481789,2.1284495066714086
276,-0.3027222641479761,-0.9368127660681661,-0.5531740723838608,-0.10835690515215997,0.03949418110771145,-0.46496923216244856,2.303500996696502,-1.4230250368980684,2.150720755291005
277,2.045057073355217,-0.12703529149778825,-0.5531740723838608,-0.10845174341531662,0.05892203416207896,-0.47832405100240066,2.313178570162274,-1.3601643339362324,2.1718802736927705
278,1.2624639608541524,0.07540907714480603,-0.5531740723838608,-0.10901312388191461,0.07962991612442298,-0.49120725505966595,2.287413520896883,-1.303031561284517,2.1942445203394336
279,-0.638119312362718,-0.5319240287829773,-0.5719647608804044,-0.11005798804910838,0.10145515172672874,-0.5035940064637383,2.3002990333476867,-1.2415672140630705,2.2153502734466874
280,0.7034688804962496,0.8851865517151837,-0.5719647608804044,-0.11159749216015315,0.12422766147657782,-0.5154618159583894,2.2789286567751526,-1.1874068362403425,2.2377453607676534
281,-0.7499183284342988,0.48029781442999514,-0.5899633372236582,-0.11363692950663636,0.14777175066728312,-0.5267906758119508,2.2958946119803696,-1.1269488368995342,2.258729132158081
282,-0.9735163605774602,0.8851865517151839,-0.6072031925085524,-0.11617573013007332,0.17190792865420573,-0.5375631748289733,2.2794266082265744,-1.0751479308301715,2.2810940346595223
283,-0.5263202962911374,2.0998527635707505,-0.6726894158842661,-0.11920753424320121,0.1964547308373203,-0.5477645943825736,2.3009077448231006,-1.01547516246505,2.3018884684792282
284,1.1506649447825719,-0.32947966014038277,-0.6726894158842661,-0.12272033545105702,0.22123051691207585,-0.5573829845250933,2.2893220043825036,-0.9656418044287431,2.324163711831827
285,2.3804541215699593,1.6949640262855612,-0.6726894158842661,-0.12669669077268753,0.2460552212532788,-0.566409219401605,2.3153943197863858,-0.9066296684025085,2.344702715452457
286,-0.4145212802195569,-0.7343683974255719,-0.6726894158842661,-0.1311139953135493,0.2707520344176332,-0.5748370314132268,2.3083092675579167,-0.8585065611464531,2.3668308793265256
287,-0.9735163605774602,1.0876309203577783,-0.6726894158842661,-0.13594481871119485,0.2951489979372519,-0.582663023858268,2.3388040326184623,-0.8000885204389572,2.3870501088712524
288,0.7034688804962492,2.707185869498534,-0.6726894158842661,-0.14115729780908953,0.3190804971320768,-0.5898866620913567,2.3356367379490237,-0.7535043512012781,2.4089764218812033
289,-0.8617173445058793,0.07540907714480603,-0.6726894158842661,-0.14671557683823994,0.3423886385729117,-0.5965102435474033,2.3702463718398845,-0.6956504502403136,2.428813855666449
290,-0.7499183284342988,-0.5319240287829773,-0.6726894158842661,-0.1525802844320077,0.36492450081276706,-0.6025388472566117,2.3703335063595268,-0.6504911606097973,2.450486887290579
291,-1.0853153766490407,0.6827421830725894,-0.6726894158842661,-0.15870903646178136,0.38654924961870546,-0.6079802637232932,2.408691293834843,-0.593195515361451,2.4698834917415997
292,-0.7499183284342988,0.8851865517151839,-0.6726894158842661,-0.16505695446438554,0.4071351115609365,-0.6128449062564656,2.411366347157198,-0.5493866280645591,2.4912559488716166
293,0.7034688804962496,0.8851865517151839,-0.6726894158842661,-0.1715771910621507,0.42656620135289347,-0.6171457050267057,2.4530982515751676,-0.49265986806435613,2.5101564457511287
294,-0.8617173445058793,1.492519657642967,-0.6726894158842661,-0.1782214560495863,0.44473919879216084,-0.620897985284056,2.457733176013328,-0.4501551948735957,2.5311860863180264
295,-0.07912423200481505,0.6827421830725894,-0.5820656591343081,-0.18494053907482016,0.4615638716419051,-0.624119331306943,2.5024870389727467,-0.39401966703068003,2.549539833985128
296,0.5916698644246687,0.8851865517151837,-0.5820656591343081,-0.19168482636858633,0.4769634421498552,-0.626829437753811,2.5085093886658503,-0.35279374043224776,2.570190513699262
297,-1.0853153766490407,0.48029781442999486,-0.5820656591343081,-0.1984048096504599,0.49087479702900805,-0.6290499501292479,2.5559684450910947,-0.2972802249033089,2.587952518074218
298,-0.97351636057746,-0.5319240287829773,-0.6486115427610619,-0.20505158551712563,0.5032485429992059,-0.6308042960153091,2.5628636826724827,-0.25732295513343967,2.6081953905206294
299,0.7034688804962496,1.897408394928156,-0.5590027768098585,-0.21157734370685866,0.51404891175922,-0.6321175085437146,2.6127505332082928,-0.2024682400407843,2.625327466131779
300,1.3742629769257333,4.32674081863929,-0.6265208648016866,-0.2179358429957452,0.5232535192328752,-0.6330160433323545,2.620056508149779,-0.16378095860605943,2.645142362481997
301,0.36807183228150764,-0.9368127660681664,-0.6911927612835522,-0.22408287400668783,0.5308529846888861,-0.6335275898354514,2.672132028910057,-0.10962589638819681,2.6616144665827806
302,1.0388659287109914,0.6827421830725894,-0.6911927612835522,-0.229976707986042,0.536850417219305,-0.6336808777973465,2.6794300710118275,-0.07221825922606638,2.6809914784671003
303,-0.9735163605774598,1.897408394928156,-0.7077058790199725,-0.23557852872996696,0.5412607806892828,-0.6335054792849872,2.733490247303552,-0.01880609175879442,2.696783226053827
304,-0.7499183284342988,0.07540907714480603,-0.7235228944688085,-0.2408528416249432,0.54411015242093,-0.6330316066457391,2.7403956701992023,0.017306387873061324,2.715724488975109
305,-1.1971143927206211,0.6827421830725894,-0.7235228944688085,-0.2457678505928532,0.5454348939388869,-0.6322899067235055,2.796268510115542,0.06993139064911762,2.7308268146314694
306,-0.5263202962911374,-0.9368127660681664,-0.7235228944688085,-0.25029579199484203,0.5452807538791361,-0.6313112517571949,2.8024223717523435,0.1047291256171233,2.7493484386519316
307,-0.6381193123627181,0.07540907714480603,-0.7235228944688085,-0.2544132148057573,0.5437019241254729,-0.6301265275501122,2.8599663073541914,0.15652254627397488,2.7637653079871147
308,-0.8617173445058793,-0.12703529149778825,-0.7235228944688085,-0.258101198180771,0.5407600702183764,-0.6287664197096167,2.865029208541562,0.18998288710804645,2.7818993390175746
309,-0.8617173445058793,-0.1270352914977885,-0.7386731514767236,-0.2613454999698978,0.5365233556706043,-0.627261198994419,2.924133402476296,0.24090047646069027,2.7956493444011272
310,-0.7499183284342986,0.27785344578740057,-0.8006188362400027,-0.2641366321450354,0.5310654772689791,-0.6256405070618593,2.9277811516171397,0.2729979575066061,2.8134455818836765
311,-0.5263202962911374,-0.12703529149778825,-0.7066037905266919,-0.26646986140064893,0.5244647254753722,-0.6239331441838846,2.9883675363137097,0.32299543816700144,2.826563200305084
312,-1.0853153766490407,0.07540907714480603,-0.7699013432942453,-0.2683451355057617,0.5168030812298563,-0.6221668608149277,2.990288206264808,0.35370138763420966,2.8440906574972376
313,-0.07912423200481505,0.6827421830725894,-0.6771811782600217,-0.2697669383158246,0.5081653579755041,-0.6203681552548871,3.0523150392399203,0.4027339194732126,2.8566269107171176
314,0.36807183228150764,1.0876309203577785,-0.6771811782600217,-0.2707440785582947,0.4986383955589164,-0.6185620800334032,3.0522070032035975,0.43201561716409687,2.873974690445252
315,-0.7499183284342988,-0.5319240287829773,-0.5883695857931168,-0.2712894193734162,0.4883103109244839,-0.6167720600009402,3.115673821999652,0.4800371161510102,2.885996940018554
316,-0.41452128021955675,-0.1270352914977885,-0.4495317503706852,-0.2714195568322134,0.47726980941699626,-0.61501972539405,3.11324445848597,0.5078566376075921,2.903274329640674
317,-0.8617173445058793,-0.9368127660681661,-0.4495317503706852,-0.2711544561724853,0.46560555987278984,-0.6133247632850293,-3.1049868468106387,0.5548190936763204,2.9148649845302117
318,-0.8617173445058793,-0.1270352914977885,-0.46989599589696274,-0.27051705471845866,0.4534056357501907,-0.6117047907574705,-3.1100219294151468,0.5811319012912605,2.9322006749599225
319,3.1630472340710236,-0.32947966014038277,-0.46989599589696274,-0.26953284099398933,0.4407570225440964,-0.6101752528170376,-3.043477861621203,0.6269848076443797,2.943454705814995
320,-0.19092324807639557,1.2900752890003726,-0.46989599589696274,-0.2682294203421201,0.42774518860908217,-0.6087493474715397,-3.0513951004706503,0.6517381432130527,2.9609952199642566
321,-0.9735163605774598,0.8851865517151837,-0.4894017967538548,-0.2666360773916618,0.4144537130509565,-0.6074379796907173,-2.9830923982671473,0.6964282832731934,2.972016547726341
322,-1.1971143927206211,0.48029781442999486,-0.5576834537771532,-0.26478334403452636,0.4009639616202775,-0.6062497451895211,-2.9941600382878057,0.7195596313204184,2.9899241926758346
323,0.7034688804962496,-0.5319240287829773,-0.5576834537771532,-0.26270257886930165,0.3873548003124673,-0.6051909442361156,-2.9238519632097173,0.7630318034480079,3.0008211886633114
324,0.1444738001383463,2.302297132213345,-0.5576834537771532,-0.26042556217781815,0.37370233655000323,-0.6042656250075785,-2.9383290240471998,0.7844679788802824,3.0192720609451373
325,-0.8617173445058793,2.0998527635707505,-0.5576834537771532,-0.257984110230393,0.36007967862269546,-0.6034756554342857,-2.8656747681326333,0.8266674985077374,3.0301524877503185
326,-0.5263202962911374,0.2778534457874003,-0.5576834537771532,-0.2554097130977726,0.346556705136675,-0.6028208219968734,-2.8838087092040565,0.8463250049831017,3.0493352281050363
327,0.9270669126394105,-0.7343683974255719,-0.5763669972739046,-0.25273320019259415,0.33319983812380133,-0.6022989535414573,-2.808353015744441,0.8872029227489773,3.060300927082383
328,0.9270669126394105,1.0876309203577785,-0.5763669972739046,-0.24998443754514213,0.320071816441187,-0.6019060678221173,-2.830375744987483,0.9049902000765492,3.0804170587945667
329,0.4798708483530882,0.8851865517151837,-0.5942629452616882,-0.2471920604761666,0.3072314690689976,-0.6016365381451538,-2.7515228551204975,0.9445122590829328,3.0915585302211945
330,-0.4145212802195569,-0.5319240287829773,-0.6596662229012371,-0.24438324426408914,0.2947334896523591,-0.6014832771803718,-2.777644562317866,0.9603343421897307,3.1128253835441604
331,-0.8617173445058793,2.5047415008559395,-0.6596662229012371,-0.24158351317063606,0.28262821426306983,-0.6014379347371562,-2.6946245547480054,0.99849480949961,3.1242160643796937
332,0.1444738001383463,-0.7343683974255716,-0.6596662229012371,-0.2388165854677037,0.27096140489250903,-0.6014911061030428,-2.7250239773629046,1.012260807358086,-3.136311719081442
333,-1.0853153766490407,0.27785344578740057,-0.6768077760780817,-0.23610425015619557,0.25977404221014294,-0.6016325474359818,-2.636848050120895,1.049102697164536,-3.124622335636786
334,0.2562728162099268,0.27785344578740057,-0.6768077760780817,-0.23346627049996316,0.24910213250406385,-0.6018513946950447,-2.6716560462563184,1.060736456476203,-3.100298964739755
335,-0.7499183284342986,-0.12703529149778825,-0.6768077760780817,-0.23092030997217783,0.23897653494521176,-0.6021363826670362,-2.5770550054744175,1.096380449760642,-3.0882955617279793
336,-1.0853153766490404,-0.32947966014038277,-0.6768077760780817,-0.22848187708560935,0.2294228158658539,-0.602476060768698,-2.6163256714235126,1.1058345060116648,-3.0619742995601644
337,-0.4145212802195569,-0.9368127660681664,-0.6768077760780817,-0.22616428654739895,0.22046113648322388,-0.6028590024553189,-2.5136624351453682,1.1405204558371145,-3.0496944931239907
338,1.0388659287109914,0.27785344578740057,-0.6768077760780817,-0.22397863533164175,0.2121061795555611,-0.6032740052341591,-2.5573211786674817,1.1477928248562042,-3.020949537433011
339,-1.1971143927206211,1.897408394928156,-0.6768077760780817,-0.2219337936425874,0.20436711888264472,-0.6037102784556276,-2.444460986450126,1.181942029814343,-3.008523848220532
340,0.032674784066765765,-0.7343683974255719,-0.6768077760780817,-0.22003641195333487,0.1972476336623259,-0.6041576162305827,-2.492208680698335,1.1870947808959564,-2.9767700890548627
341,0.1444738001383463,1.492519657642967,-0.6768077760780817,-0.21829094587957168,0.19074596836691304,-0.6046065529962366,-2.3663131213718147,1.2214138776049799,-2.9645177598840524
342,0.1444738001383463,-0.7343683974255716,-0.6932267355830586,-0.21669970066791386,0.18485503875662931,-0.605048499425778,-2.4174436434414988,1.2245919865373043,-2.928884027476306
343,-1.0853153766490404,2.302297132213345,-0.7558729704940883,-0.2152628969255235,0.17956258569342795,-0.6054758565509037,-2.2746011662813252,1.2602802074260335,-2.917575769917222
344,0.2562728162099268,-0.7343683974255719,-0.7558729704940883,-0.2139787589991772,0.1748513798175934,-0.6058821061548901,-2.327643143088701,1.2617293969876746,-2.8766245457174695
345,-0.638119312362718,-0.7343683974255719,-0.7558729704940883,-0.21284362717072525,0.17069948155977097,-0.6062618757256404,-2.1620330974359323,1.3010102408093533,-2.8683654344743768
346,1.7096600251404754,-0.9368127660681664,-0.7558729704940883,-0.21185209480219835,0.16708056229746598,-0.6066109765669274,-2.214023811074215,1.3010954396354006,-2.819328345368536
347,-0.0791242320048149,-0.7343683974255716,-0.8158783844453117,-0.21099717167644808,0.1639642931354895,-0.6069264140638378,-2.01506866918779,1.349168948642072,-2.8218414692307037
348,-0.0791242320048149,-0.32947966014038277,-0.8316052108562484,-0.21027047441471497,0.16131680690058778,-0.6072063695700591,-2.059992024056749,1.3484109655952496,-2.7576010418604033
349,0.03267478406676562,-0.7343683974255716,-0.8316052108562484,-0.2096624434821316,0.15910123631778733,-0.6074501539171532,-1.7929283695340963,1.4281291702088914,-2.83876066345757
