Transition Times,Cue Times,Reward Times
35.037650,36.086800,
36.068800,40.394850,
36.082750,44.751050,
36.122700,47.919300,
37.710250,50.680250,
37.743150,53.459000,
39.355650,56.098400,
39.371650,59.149900,
40.376900,61.670050,
40.390850,64.538250,
40.426750,67.695250,
42.463500,70.619850,
42.495400,73.183550,
43.705800,75.802250,
43.721800,80.092550,
44.727050,82.484750,
44.747050,88.686900,
44.784900,91.465050,
45.437150,93.861950,
45.468100,96.308900,
46.880250,100.429200,
46.896200,103.590250,
47.901450,107.293450,
47.915450,109.664000,
47.952300,113.361650,
48.595850,116.905700,
48.629850,120.777250,
49.641050,124.252800,
49.657000,129.789750,
50.662300,133.882800,
50.676250,136.675650,
50.713150,142.083400,
51.076200,144.813850,
51.108050,148.583650,
52.419800,151.935700,
52.435700,154.101800,
53.441000,156.907250,
53.454950,159.654050,
53.492850,162.215550,
53.815950,166.199800,
53.847900,168.714900,
55.059200,171.196900,
55.075150,173.968900,
56.080450,176.309550,
56.094400,180.626400,
56.131250,183.932400,
56.465350,187.464350,
56.499300,191.348200,
58.109650,196.540700,
58.125650,200.223700,
59.130950,202.852800,
59.145850,206.892450,
59.181850,209.513350,
59.588650,212.827950,
59.620600,215.585200,
60.630850,218.155250,
60.646800,221.078800,
61.652050,223.237250,
61.666050,229.567050,
61.704000,232.544350,
62.154700,234.958800,
62.188600,241.574300,
63.499050,245.575300,
63.515000,248.049350,
64.520350,252.181700,
64.534250,254.938850,
64.572150,257.559300,
64.869350,259.971600,
64.901300,262.933400,
66.313000,266.616900,
66.327000,268.853500,
66.512450,272.300700,
66.666000,275.483100,
67.677300,278.719150,
67.691250,282.246650,
67.728150,285.394100,
67.936100,287.972750,
67.968000,291.715700,
69.579650,295.600200,
69.595600,300.071500,
70.599900,302.839000,
70.615800,305.247500,
70.652750,308.215450,
70.900100,311.166450,
70.931950,313.826400,
72.144300,316.866700,
72.160300,321.117200,
73.163500,323.691050,
73.179450,326.947950,
73.215400,329.761350,
73.321100,332.466200,
73.353000,335.462700,
74.763200,338.852100,
74.779200,341.844950,
75.784400,345.800200,
75.798400,348.455550,
75.835250,355.392250,
76.038750,358.336950,
76.070650,361.080900,
77.383100,364.087700,
77.399050,369.207100,
78.188900,372.314300,
78.342550,375.872350,
78.693550,379.391300,
78.849100,383.044450,
78.914950,387.059000,
79.070550,390.789650,
80.074800,393.423550,
80.088750,399.168950,
80.123650,402.550500,
80.402900,404.902750,
80.434800,408.478050,
81.445600,411.229850,
81.463600,414.361400,
82.468850,418.463450,
82.482800,422.457600,
82.517700,425.010400,
82.754600,427.505150,
82.786500,430.137150,
84.099250,439.186600,
84.115300,441.988950,
85.088600,445.669600,
85.244150,449.660800,
86.057950,452.684900,
86.211550,455.357150,
86.291300,459.345500,
86.446900,462.393050,
86.544600,465.235350,
86.698200,468.381800,
87.250700,470.843150,
87.406350,474.023450,
87.508000,477.914500,
87.663650,481.844800,
88.668900,485.298950,
88.682800,488.850900,
88.718750,491.653050,
89.002000,496.726300,
89.014000,501.409600,
90.425850,506.085950,
90.441800,511.213600,
91.447150,514.170950,
91.461050,519.666350,
91.498000,522.593750,
91.579350,525.938650,
91.611300,535.045200,
92.822700,539.132050,
92.838700,541.985050,
93.841900,544.573800,
93.857900,548.657050,
93.893800,551.094000,
94.246450,553.960250,
94.258450,557.829750,
95.269700,560.761700,
95.285650,563.158000,
96.290950,567.039650,
96.304900,569.931900,
96.339800,573.130450,
96.628550,576.044100,
96.640550,580.085750,
98.253100,584.795600,
98.269050,587.702150,
99.050950,590.809250,
99.204500,594.132250,
99.252350,598.404200,
99.406050,601.286450,
100.411250,603.983050,
100.425250,606.572900,
100.462150,609.110950,
100.641600,612.056050,
100.673500,617.977800,
102.283800,621.523750,
102.299800,626.462000,
102.415400,628.828650,
102.569000,633.367200,
103.572250,636.410450,
103.586200,640.371700,
103.623100,643.229950,
103.987750,646.749600,
104.019250,649.097250,
105.231000,652.151000,
105.246950,656.711200,
105.871300,661.950600,
106.026850,668.054600,
106.114650,671.536750,
106.270200,674.864700,
107.275450,678.948400,
107.289400,682.523050,
107.325350,685.918500,
107.582650,689.176800,
107.614550,692.427300,
108.624800,695.600950,
108.640750,698.373450,
109.646050,701.531900,
109.660000,705.079800,
109.695900,712.238450,
109.823550,718.912400,
109.854950,721.861850,
111.167600,727.450500,
111.183600,735.557050,
112.184850,743.661100,
112.338400,750.674100,
113.343700,758.777800,
113.357650,767.974850,
113.395550,776.779800,
113.557100,784.881100,
113.589050,791.420550,
115.000800,799.551800,
115.019800,807.653800,
115.727850,815.755850,
115.881450,823.859300,
116.886700,831.963350,
116.901650,844.020900,
116.937550,852.121900,
117.067200,860.228850,
117.079200,867.298700,
118.489400,875.400300,
118.505300,883.537200,
118.551200,891.639250,
118.704800,899.743650,
119.600350,907.219350,
119.753950,915.322350,
120.759200,923.428900,
120.773150,931.530450,
120.809100,939.633000,
121.190050,947.736000,
121.221950,956.868800,
122.534400,960.040400,
122.550350,965.255300,
123.070950,974.387250,
123.224500,981.381850,
124.229850,989.277150,
124.245750,998.511400,
124.284650,1007.480250,
124.585850,1015.582300,
124.617750,1027.626250,
125.830450,1029.844250,
125.846450,1037.945250,
126.558500,1046.047100,
126.714050,1051.607750,
126.851700,1055.522100,
127.005250,1060.831750,
127.952700,1066.141300,
128.108300,1074.243300,
128.154200,1080.279600,
128.309750,1089.546350,
128.389500,1097.662700,
128.545100,1105.765850,
128.612900,1114.945800,
128.766500,1121.191650,
129.769750,1129.996000,
129.785750,1136.188100,
129.821650,1142.544650,
130.126800,1144.938100,
130.159700,1147.999350,
131.170050,1153.237700,
131.186050,1157.484800,
131.985850,1162.286350,
132.139450,1165.425850,
132.424650,1168.330950,
132.578250,1171.734800,
132.705900,1176.051300,
132.859500,1178.959350,
133.864800,1181.989250,
133.878750,1184.473950,
133.916150,1188.930900,
133.991950,1192.648400,
134.023850,1201.299450,
135.635500,1209.402150,
135.653450,1214.225000,
136.658750,1219.896550,
136.674200,1225.801650,
136.709600,1229.941400,
137.024700,1234.133200,
137.056700,1237.985600,
138.368400,1246.449650,
138.384350,1252.287350,
139.343750,1260.391550,
139.497350,1268.495150,
140.137600,1276.915350,
140.291200,1284.174650,
140.339050,1293.336850,
140.492650,1301.101850,
140.905500,1307.458650,
141.062100,1311.252950,
142.065400,1318.483350,
142.079400,1327.749800,
142.116250,1335.851700,
142.333250,1343.966800,
142.364700,1348.492500,
143.774700,1356.595550,
143.790600,1359.502550,
144.795850,1364.591050,
144.809850,1372.695600,
144.845750,1380.795601,
145.220800,1388.897851,
145.254350,1396.885251,
146.463500,1404.988251,
146.479450,1413.090251,
147.406950,1424.679851,
147.560500,1429.721151,
148.563850,1437.823701,
148.579750,1445.931751,
148.616650,1454.034751,
148.726350,1462.137401,
148.758250,1470.239401,
150.368900,1478.342451,
150.387900,1486.444901,
150.758850,1494.547001,
150.912450,1502.649901,
151.917700,1509.553101,
151.931700,1517.657951,
151.966600,1525.765951,
152.017450,1533.936801,
152.049350,1540.730401,
153.062600,1543.547801,
153.078550,1553.034751,
154.083850,1561.137801,
154.097800,1565.358401,
154.133750,1573.461101,
154.244400,1581.564151,
154.256400,1592.180101,
155.868000,1600.282701,
155.883950,1609.310201,
156.889200,1619.980301,
156.903200,1636.573301,
156.939100,1645.440251,
156.990950,1650.561401,
157.002950,1657.226851,
158.615800,1663.834051,
158.631800,1668.727901,
159.636050,1673.460601,
159.650000,1681.562601,
159.687750,1689.663901,
159.733600,1698.738251,
159.765550,1706.842901,
161.176350,1714.949351,
161.192350,1723.052951,
162.197600,1728.821001,
162.211550,1731.783601,
162.246550,1739.885651,
162.578550,1747.989651,
162.590550,1752.114651,
163.903000,1757.468151,
163.918900,1765.571151,
164.830450,1773.674301,
164.984050,1780.475401,
165.021950,1790.142001,
165.177500,1798.244601,
166.180800,1803.555251,
166.195750,,
166.233200,,
166.432150,,
166.464100,,
167.675650,,
167.691600,,
168.696900,,
168.710850,,
168.747500,,
169.114500,,
169.146450,,
170.157650,,
170.173600,,
171.178900,,
171.192850,,
171.228800,,
171.306550,,
171.318500,,
172.929700,,
172.945650,,
173.949000,,
173.964900,,
174.001750,,
174.229150,,
174.261100,,
175.272350,,
175.288300,,
176.291600,,
176.305550,,
176.342450,,
176.382350,,
176.392300,,
177.403100,,
177.419250,,
178.190950,,
178.344550,,
179.052700,,
179.208200,,
179.234150,,
179.387750,,
179.449550,,
179.603200,,
180.608400,,
180.622350,,
180.658250,,
180.716100,,
180.728050,,
181.941800,,
181.957750,,
182.755600,,
182.909150,,
183.914450,,
183.928400,,
183.963850,,
184.266000,,
184.297900,,
185.610350,,
185.627300,,
186.287500,,
186.441300,,
187.446400,,
187.460300,,
187.498200,,
187.789450,,
187.821350,,
189.233900,,
189.249850,,
190.171350,,
190.324950,,
191.330200,,
191.344200,,
191.382100,,
191.694850,,
191.726300,,
192.737000,,
192.754950,,
193.353350,,
193.506900,,
193.624600,,
193.778200,,
193.945750,,
194.099350,,
195.094600,,
195.248200,,
195.363900,,
195.517450,,
196.522750,,
196.536700,,
196.574600,,
196.867800,,
196.899700,,
198.210150,,
198.226100,,
199.046900,,
199.202450,,
200.205750,,
200.219700,,
200.257600,,
200.370300,,
200.402200,,
201.813500,,
201.829500,,
202.832750,,
202.848750,,
202.884600,,
203.189350,,
203.223250,,
204.834000,,
204.850000,,
205.717600,,
205.871250,,
206.874450,,
206.888450,,
206.925350,,
207.232500,,
207.264400,,
208.476150,,
208.492100,,
209.495400,,
209.509350,,
209.546250,,
209.598100,,
209.630000,,
210.940050,,
210.956000,,
211.648150,,
211.801700,,
212.810000,,
212.824000,,
212.861400,,
212.901300,,
212.933200,,
214.546000,,
214.562000,,
215.567250,,
215.581250,,
215.617100,,
215.874400,,
215.906300,,
217.118000,,
217.134000,,
218.137250,,
218.151200,,
218.188100,,
218.616550,,
218.628500,,
220.038650,,
220.054650,,
221.060900,,
221.074900,,
221.109800,,
221.154700,,
221.186550,,
222.199050,,
222.215000,,
223.219250,,
223.233200,,
223.269150,,
223.586250,,
223.618150,,
224.928600,,
224.944600,,
225.323550,,
225.480900,,
226.469400,,
226.623000,,
226.664900,,
226.818450,,
226.888300,,
227.041850,,
227.129650,,
227.285250,,
228.162850,,
228.316400,,
228.386200,,
228.541800,,
229.549050,,
229.563050,,
229.598950,,
229.793750,,
229.825650,,
231.038400,,
231.052400,,
231.367500,,
231.521100,,
232.526400,,
232.540300,,
232.578200,,
232.875400,,
232.907300,,
233.919550,,
233.935550,,
234.940800,,
234.954750,,
234.991650,,
235.294850,,
235.328750,,
236.740500,,
236.756450,,
237.326900,,
237.480450,,
237.538300,,
237.693400,,
238.536650,,
238.692200,,
238.789900,,
238.943550,,
239.897000,,
240.052500,,
240.090400,,
240.244000,,
240.397600,,
240.551150,,
241.556400,,
241.570400,,
241.607300,,
241.895050,,
241.926950,,
243.537950,,
243.553900,,
244.395650,,
244.551200,,
245.557450,,
245.571400,,
245.608350,,
245.668150,,
245.700150,,
247.010150,,
247.026100,,
248.031350,,
248.045300,,
248.083200,,
248.145050,,
248.176950,,
249.789200,,
249.805150,,
250.710700,,
250.864250,,
251.004950,,
251.158450,,
252.163750,,
252.177700,,
252.215600,,
252.456950,,
252.488900,,
253.899650,,
253.915600,,
254.920850,,
254.934800,,
254.970700,,
255.277000,,
255.310800,,
256.521950,,
256.537900,,
257.541200,,
257.555150,,
257.591050,,
257.886250,,
257.918150,,
258.929450,,
258.945400,,
259.953650,,
259.967600,,
260.004500,,
260.251400,,
260.283300,,
261.896200,,
261.912150,,
262.915400,,
262.929350,,
262.967300,,
263.230600,,
263.262500,,
264.674050,,
264.690050,,
265.439950,,
265.593550,,
266.598850,,
266.612800,,
266.648700,,
266.771900,,
266.803800,,
267.814250,,
267.830200,,
268.835500,,
268.849450,,
268.885350,,
269.464350,,
269.476350,,
270.689050,,
270.705050,,
271.123850,,
271.279450,,
272.282750,,
272.296700,,
272.333600,,
272.415400,,
272.427350,,
273.739750,,
273.755800,,
274.084850,,
274.240450,,
274.306250,,
274.459800,,
275.465100,,
275.479050,,
275.516950,,
275.895900,,
275.929850,,
276.940950,,
276.957050,,
277.541350,,
277.696950,,
278.701150,,
278.715150,,
278.752050,,
279.109050,,
279.141000,,
280.351700,,
280.367650,,
281.065750,,
281.221350,,
282.226650,,
282.242550,,
282.278450,,
282.665450,,
282.679400,,
284.091550,,
284.115500,,
284.185300,,
284.368800,,
285.376050,,
285.390050,,
285.427900,,
285.888650,,
285.922600,,
286.934550,,
286.950550,,
287.954800,,
287.968750,,
288.006650,,
288.264050,,
288.275950,,
289.588350,,
289.604350,,
290.508850,,
290.692350,,
291.697650,,
291.711600,,
291.748500,,
292.019300,,
292.031300,,
293.642450,,
293.658500,,
294.390450,,
294.573950,,
295.582200,,
295.596200,,
295.634100,,
296.018500,,
296.030400,,
297.241150,,
297.259100,,
297.322950,,
297.506450,,
297.683950,,
297.869500,,
298.441900,,
298.627400,,
298.864750,,
299.048250,,
300.053550,,
300.067450,,
300.104350,,
300.359700,,
300.391600,,
301.801800,,
301.817750,,
302.821050,,
302.834950,,
302.872850,,
303.166100,,
303.198000,,
304.208300,,
304.224350,,
305.227750,,
305.243500,,
305.281400,,
305.754100,,
305.766150,,
307.176250,,
307.192200,,
308.197500,,
308.211550,,
308.249350,,
308.288250,,
308.300200,,
309.512950,,
309.528900,,
309.959700,,
310.143250,,
311.148500,,
311.162450,,
311.198350,,
311.464750,,
311.476850,,
312.789200,,
312.805200,,
313.808450,,
313.822450,,
313.859300,,
314.204350,,
314.216300,,
315.827500,,
315.843450,,
316.846750,,
316.862700,,
316.898600,,
318.753550,,
318.765550,,
320.078000,,
320.093950,,
321.097250,,
321.113150,,
321.149050,,
321.603700,,
321.637600,,
322.648850,,
322.664850,,
323.673050,,
323.687050,,
323.725000,,
323.984250,,
324.014150,,
325.425650,,
325.441650,,
325.477500,,
325.661000,,
325.738800,,
325.922250,,
326.927550,,
326.941500,,
326.981400,,
327.298550,,
327.310550,,
328.722350,,
328.738300,,
329.743600,,
329.757550,,
329.794500,,
330.105600,,
330.115550,,
331.428000,,
331.444050,,
332.448250,,
332.462300,,
332.499100,,
332.828200,,
332.838200,,
334.048500,,
334.064450,,
334.255950,,
334.439450,,
335.444700,,
335.458650,,
335.494550,,
336.189350,,
336.201300,,
337.812950,,
337.828900,,
338.834150,,
338.848100,,
338.885050,,
339.584050,,
339.596000,,
340.806750,,
340.822650,,
341.826950,,
341.840900,,
341.877800,,
343.717800,,
343.749750,,
344.761000,,
344.777150,,
345.782200,,
345.796200,,
345.833100,,
346.091950,,
346.103900,,
347.416350,,
347.432300,,
348.437600,,
348.451550,,
348.488450,,
348.900950,,
348.910900,,
350.521550,,
350.537500,,
351.135900,,
351.319450,,
351.353300,,
351.536800,,
351.564750,,
351.748250,,
351.796150,,
351.979600,,
352.027450,,
352.211000,,
352.278800,,
352.464300,,
352.540100,,
352.723600,,
352.853250,,
353.038750,,
353.639100,,
353.824600,,
353.892450,,
354.075900,,
354.185650,,
354.369100,,
355.374400,,
355.388400,,
355.425250,,
355.856100,,
355.886000,,
357.297750,,
357.313650,,
358.318950,,
358.332900,,
358.368800,,
358.763250,,
358.793150,,
359.804450,,
359.820400,,
359.874250,,
360.057750,,
361.061200,,
361.077000,,
361.113900,,
361.727200,,
361.737200,,
363.048650,,
363.064600,,
364.069850,,
364.083850,,
364.120700,,
366.923150,,
366.953100,,
368.164850,,
368.184300,,
369.189100,,
369.203050,,
369.240950,,
369.634450,,
369.663900,,
371.275150,,
371.291150,,
372.296350,,
372.310300,,
372.346200,,
372.753100,,
372.782100,,
374.093150,,
374.109150,,
374.665600,,
374.849150,,
375.854450,,
375.868350,,
375.906250,,
376.197450,,
376.229350,,
377.640050,,
377.656050,,
378.180600,,
378.366100,,
379.371350,,
379.385300,,
379.423200,,
379.533900,,
379.563800,,
381.175450,,
381.191400,,
381.833650,,
382.017150,,
383.026450,,
383.040400,,
383.076300,,
383.245850,,
383.275750,,
384.286700,,
384.302650,,
385.212200,,
385.395750,,
385.852450,,
386.035950,,
387.041200,,
387.055200,,
387.091650,,
387.370900,,
387.400850,,
388.611550,,
388.627500,,
389.582900,,
389.766400,,
390.771700,,
390.785650,,
390.822550,,
390.944250,,
390.974200,,
392.384300,,
392.400350,,
393.405600,,
393.419500,,
393.455400,,
393.561150,,
393.593050,,
395.203700,,
395.219650,,
396.171050,,
396.354550,,
396.522100,,
396.705600,,
396.843250,,
397.028750,,
397.659000,,
397.844500,,
397.962200,,
398.145700,,
399.150950,,
399.164950,,
399.200850,,
399.359950,,
399.389900,,
400.600800,,
400.616750,,
401.017650,,
401.201150,,
401.338750,,
401.522300,,
402.530600,,
402.546500,,
402.582400,,
402.842700,,
402.852650,,
403.865550,,
403.881500,,
404.884750,,
404.898750,,
404.934600,,
405.277700,,
405.307650,,
406.654950,,
406.824550,,
407.271300,,
407.454800,,
408.458100,,
408.474050,,
408.509050,,
408.946800,,
408.976650,,
410.191200,,
410.206550,,
411.211850,,
411.225800,,
411.263700,,
411.904050,,
411.914050,,
413.324250,,
413.340250,,
414.343450,,
414.357450,,
414.395300,,
414.841250,,
414.851200,,
416.462800,,
416.478750,,
417.256650,,
417.440150,,
418.443450,,
418.459400,,
418.496300,,
419.014900,,
419.026850,,
420.674400,,
420.690650,,
421.250850,,
421.434350,,
422.439600,,
422.453550,,
422.489450,,
422.930300,,
422.960200,,
423.973100,,
423.989100,,
424.992350,,
425.006350,,
425.043200,,
425.125050,,
425.154950,,
426.465950,,
426.483950,,
427.487250,,
427.501150,,
427.539000,,
428.074700,,
428.086650,,
429.097900,,
429.113850,,
430.119150,,
430.133150,,
430.171000,,
436.082950,,
436.092950,,
437.104200,,
437.120200,,
437.979850,,
438.163350,,
439.168600,,
439.182550,,
439.218450,,
439.727050,,
439.739050,,
440.949750,,
440.965700,,
441.971000,,
441.984950,,
442.022850,,
442.351000,,
442.362950,,
443.774650,,
443.794900,,
444.147700,,
444.333250,,
444.462850,,
444.646350,,
445.651650,,
445.665550,,
445.702450,,
446.021550,,
446.031550,,
447.441700,,
447.457650,,
447.968350,,
448.151800,,
448.201700,,
448.387150,,
448.454050,,
448.637500,,
449.642850,,
449.656700,,
449.694600,,
449.984600,,
450.034050,,
451.645750,,
451.661650,,
452.666900,,
452.680950,,
452.716800,,
452.995950,,
453.007950,,
454.317950,,
454.333950,,
455.339200,,
455.353150,,
455.391050,,
456.007500,,
456.040350,,
457.255100,,
457.271350,,
457.412700,,
457.596200,,
457.664150,,
457.847500,,
458.138700,,
458.322200,,
459.327500,,
459.341450,,
459.379350,,
459.909900,,
459.941850,,
461.354000,,
461.369950,,
462.375200,,
462.389200,,
462.425600,,
462.861750,,
462.873700,,
463.885000,,
463.900950,,
464.028600,,
464.212100,,
465.217400,,
465.231350,,
465.269250,,
465.361000,,
465.390900,,
467.002550,,
467.018500,,
467.176050,,
467.358600,,
468.363850,,
468.377800,,
468.415700,,
468.579300,,
468.591200,,
469.803950,,
469.820050,,
470.825200,,
470.839100,,
470.875050,,
471.439850,,
471.469750,,
472.682050,,
472.698000,,
472.817700,,
473.001200,,
474.005500,,
474.019450,,
474.057350,,
474.593450,,
474.605450,,
475.917850,,
475.933850,,
476.709700,,
476.893250,,
477.896500,,
477.910450,,
477.947350,,
478.497850,,
478.528800,,
479.840150,,
479.858150,,
480.638000,,
480.823500,,
481.826800,,
481.840750,,
481.878650,,
482.620650,,
482.650550,,
484.261750,,
484.277750,,
485.281000,,
485.295000,,
485.331850,,
485.907300,,
485.937250,,
486.950050,,
486.966050,,
487.642250,,
487.827650,,
488.830950,,
488.846850,,
488.906700,,
489.173550,,
489.203450,,
490.615850,,
490.631850,,
491.635100,,
491.649050,,
491.686950,,
491.752750,,
491.782700,,
493.095150,,
493.111150,,
494.031650,,
494.215100,,
494.272950,,
494.456450,,
494.520300,,
494.705850,,
495.072800,,
495.256250,,
495.519550,,
495.705050,,
496.708350,,
496.722300,,
496.759200,,
497.120200,,
497.150200,,
498.361850,,
498.375850,,
499.217550,,
499.401050,,
499.502750,,
499.686300,,
499.784050,,
499.967500,,
500.202900,,
500.386350,,
501.391650,,
501.405600,,
501.443500,,
501.920250,,
501.930200,,
503.540850,,
503.556750,,
504.135250,,
504.318700,,
504.498200,,
504.681750,,
504.881200,,
505.064700,,
506.067950,,
506.081900,,
506.118800,,
508.231100,,
508.266000,,
509.578000,,
509.594000,,
510.006900,,
510.190300,,
511.195650,,
511.209550,,
511.247450,,
511.534150,,
511.564050,,
512.575300,,
512.591250,,
512.708950,,
512.892500,,
512.962250,,
513.147750,,
514.151000,,
514.165000,,
514.203850,,
515.826500,,
515.838450,,
517.450100,,
517.466100,,
517.837000,,
518.020550,,
518.457350,,
518.642850,,
519.646200,,
519.662100,,
519.698950,,
520.130400,,
520.142350,,
521.554500,,
521.570550,,
522.573850,,
522.589700,,
522.625600,,
523.102350,,
523.114300,,
524.125550,,
524.141600,,
524.732000,,
524.915450,,
525.920700,,
525.934650,,
525.971550,,
526.300250,,
526.330200,,
527.542550,,
527.558450,,
527.873650,,
528.057150,,
528.641550,,
528.825050,,
528.916800,,
529.100300,,
529.168100,,
529.351700,,
529.479250,,
529.661800,,
529.861250,,
530.046750,,
530.489550,,
530.673050,,
530.752850,,
530.938300,,
531.502800,,
531.688300,,
532.037350,,
532.220850,,
533.030600,,
533.214150,,
533.317850,,
533.503400,,
533.838450,,
534.021950,,
535.027200,,
535.041200,,
535.077100,,
535.423700,,
535.457200,,
536.869250,,
536.885200,,
537.122600,,
537.309100,,
537.448750,,
537.632200,,
537.660150,,
537.843650,,
537.925450,,
538.108900,,
539.114150,,
539.128150,,
539.164850,,
539.623600,,
539.635600,,
540.946000,,
540.961950,,
541.967250,,
541.981200,,
542.018100,,
542.512400,,
542.524350,,
543.535600,,
543.551550,,
544.555850,,
544.569800,,
544.605700,,
545.193300,,
545.223200,,
546.834000,,
546.849950,,
547.450300,,
547.633800,,
548.639050,,
548.653000,,
548.689900,,
549.012200,,
549.043550,,
550.054850,,
550.070800,,
551.076050,,
551.090000,,
551.126900,,
551.500900,,
551.510850,,
552.921050,,
552.937050,,
553.942250,,
553.956250,,
553.992150,,
554.450900,,
554.480800,,
555.693550,,
555.709450,,
556.623000,,
556.806500,,
557.811850,,
557.825750,,
557.863600,,
558.381250,,
558.411200,,
559.722300,,
559.738250,,
560.743500,,
560.757450,,
560.809300,,
560.896250,,
560.906200,,
562.118950,,
562.134900,,
563.138150,,
563.154100,,
563.191050,,
563.492300,,
563.524150,,
564.835550,,
564.851500,,
565.831100,,
566.016350,,
567.019650,,
567.035600,,
567.071500,,
567.667000,,
567.680950,,
568.891700,,
568.907650,,
569.913900,,
569.927900,,
569.963800,,
570.450000,,
570.479950,,
572.091250,,
572.107200,,
573.112450,,
573.126450,,
573.162350,,
573.562850,,
573.592700,,
575.002900,,
575.020900,,
576.024100,,
576.040050,,
576.075950,,
576.531400,,
576.541350,,
577.552600,,
577.568550,,
578.330500,,
578.514000,,
578.573800,,
578.757350,,
578.879050,,
579.062500,,
580.067800,,
580.081750,,
580.118600,,
580.587350,,
580.617300,,
581.827600,,
581.843800,,
582.765100,,
582.948600,,
583.016400,,
583.199950,,
583.265800,,
583.449250,,
583.588900,,
583.772350,,
584.775650,,
584.791600,,
584.828500,,
585.212300,,
585.244200,,
586.658950,,
586.679150,,
587.684150,,
587.698150,,
587.734000,,
588.327400,,
588.360300,,
589.772000,,
589.788000,,
590.791300,,
590.805200,,
590.842150,,
590.947850,,
590.957800,,
592.168500,,
592.184500,,
592.226350,,
592.380000,,
592.425850,,
592.581400,,
592.657250,,
592.810750,,
592.956400,,
593.109950,,
594.114250,,
594.128200,,
594.165100,,
594.500250,,
594.510150,,
595.820200,,
595.836150,,
596.774600,,
596.928200,,
596.986000,,
597.139600,,
597.227350,,
597.380950,,
598.386200,,
598.400150,,
598.436050,,
598.827000,,
598.837000,,
600.247150,,
600.263150,,
601.268400,,
601.282350,,
601.318300,,
601.902700,,
601.932600,,
602.943900,,
602.960000,,
603.965050,,
603.979050,,
604.015000,,
604.188550,,
604.221900,,
605.533700,,
605.549650,,
606.554900,,
606.568900,,
606.603800,,
606.749750,,
606.761500,,
608.071850,,
608.087800,,
609.093050,,
609.107150,,
609.142900,,
609.490000,,
609.499950,,
610.711650,,
610.727600,,
610.875250,,
611.032800,,
612.038050,,
612.052050,,
612.088450,,
615.297000,,
615.326950,,
616.938550,,
616.956550,,
617.959850,,
617.973750,,
618.011650,,
619.465300,,
619.475300,,
620.486550,,
620.502500,,
621.505800,,
621.519750,,
621.556700,,
624.083300,,
624.113250,,
625.424750,,
625.440950,,
626.443900,,
626.457900,,
626.495800,,
626.569600,,
626.579600,,
627.790250,,
627.806200,,
628.810500,,
628.824450,,
628.861350,,
630.439100,,
630.449050,,
631.859250,,
631.875200,,
632.188350,,
632.343950,,
633.347200,,
633.363200,,
633.399150,,
633.751650,,
633.761700,,
635.373250,,
635.389300,,
636.392450,,
636.406400,,
636.443350,,
636.946950,,
636.958950,,
638.570550,,
638.588500,,
639.196850,,
639.350500,,
640.353700,,
640.367700,,
640.403600,,
640.861400,,
640.875300,,
642.185800,,
642.207600,,
643.212000,,
643.225950,,
643.261850,,
643.815850,,
643.846800,,
645.058200,,
645.074150,,
645.369350,,
645.522950,,
645.570800,,
645.724450,,
646.732550,,
646.745600,,
646.781500,,
646.837400,,
646.847350,,
648.058050,,
648.074050,,
649.079300,,
649.093300,,
649.129150,,
649.492200,,
649.502150,,
651.113800,,
651.129750,,
652.133050,,
652.147000,,
652.182950,,
653.023150,,
653.035100,,
654.646750,,
654.662750,,
655.119450,,
655.273050,,
655.534350,,
655.687950,,
656.693200,,
656.707150,,
656.748300,,
658.648600,,
658.680350,,
659.692750,,
659.708750,,
660.153500,,
660.307050,,
660.773800,,
660.927400,,
661.930600,,
661.946600,,
661.982500,,
662.377050,,
662.408850,,
663.821050,,
663.837100,,
663.978600,,
664.132200,,
664.660750,,
664.814350,,
665.460600,,
665.614200,,
666.295350,,
666.448900,,
666.616450,,
666.770050,,
666.877900,,
667.033300,,
668.036600,,
668.050550,,
668.088500,,
669.173200,,
669.187050,,
670.497550,,
670.513500,,
671.518850,,
671.532700,,
671.570600,,
671.898750,,
671.930650,,
673.340800,,
673.356750,,
673.426650,,
673.580150,,
673.687850,,
673.841450,,
674.846700,,
674.860750,,
674.895750,,
676.064050,,
676.094950,,
677.707650,,
677.723650,,
677.771500,,
677.925050,,
678.930350,,
678.944350,,
678.983200,,
679.539700,,
679.571600,,
680.783800,,
680.799850,,
681.344300,,
681.497900,,
682.503150,,
682.519150,,
682.556000,,
682.893100,,
682.925000,,
683.935800,,
683.953800,,
684.374650,,
684.528250,,
684.741650,,
684.895250,,
685.900500,,
685.914450,,
685.950350,,
686.250100,,
686.282000,,
687.493350,,
687.507300,,
688.000000,,
688.153550,,
689.156850,,
689.172750,,
689.208650,,
689.539800,,
689.571700,,
690.984150,,
691.000150,,
691.248450,,
691.404100,,
692.409300,,
692.423300,,
692.461150,,
692.753500,,
692.785400,,
693.795850,,
693.811800,,
694.212700,,
694.366300,,
694.424300,,
694.579750,,
695.583000,,
695.596950,,
695.634850,,
696.011850,,
696.023800,,
697.334250,,
697.350200,,
698.355550,,
698.369500,,
698.405350,,
698.870150,,
698.882050,,
700.492700,,
700.508700,,
701.513950,,
701.527850,,
701.565750,,
702.698250,,
702.730150,,
704.042600,,
704.056550,,
705.061800,,
705.075750,,
705.111650,,
705.520600,,
705.552450,,
707.170350,,
707.188200,,
707.706750,,
707.860300,,
707.988000,,
708.143550,,
708.345000,,
708.498600,,
708.556450,,
708.710100,,
708.807750,,
708.961300,,
709.382200,,
709.535800,,
709.581700,,
709.735250,,
709.771100,,
709.924700,,
710.002500,,
710.156100,,
710.253850,,
710.407400,,
710.543050,,
710.698650,,
710.814300,,
710.967900,,
711.059750,,
711.213200,,
712.218500,,
712.234450,,
712.274500,,
716.550750,,
716.560700,,
717.873200,,
717.889150,,
718.894400,,
718.908350,,
718.944850,,
719.379300,,
719.411250,,
720.822450,,
720.840450,,
721.843700,,
721.857650,,
721.893650,,
725.369150,,
725.401050,,
726.413300,,
726.427250,,
727.432550,,
727.446500,,
727.484450,,
734.491950,,
734.503900,,
734.517850,,
734.533800,,
735.539050,,
735.553050,,
735.588950,,
742.597950,,
742.621900,,
742.635850,,
743.643100,,
743.657050,,
743.692950,,
748.406350,,
748.418250,,
749.631000,,
749.647050,,
750.654350,,
750.670200,,
750.707100,,
757.714650,,
757.738600,,
757.752550,,
758.759800,,
758.773750,,
758.809700,,
763.878950,,
763.890900,,
764.902150,,
764.918150,,
765.578350,,
765.731900,,
765.819650,,
765.973250,,
766.017100,,
766.172750,,
766.453950,,
766.607500,,
766.797000,,
766.950600,,
767.955050,,
767.970800,,
768.006750,,
770.700200,,
770.710200,,
772.122350,,
772.138350,,
772.218100,,
772.371700,,
772.423550,,
772.577200,,
773.121650,,
773.275300,,
773.349050,,
773.502650,,
773.612350,,
773.765950,,
774.190850,,
774.344450,,
774.513900,,
774.667450,,
774.725300,,
774.878950,,
775.603000,,
775.756550,,
776.761750,,
776.775800,,
776.811650,,
783.818050,,
783.829950,,
783.841950,,
783.857850,,
784.863150,,
784.877100,,
784.912100,,
788.926150,,
788.971100,,
790.383300,,
790.399250,,
791.402600,,
791.416500,,
791.452350,,
797.190150,,
797.200100,,
798.512600,,
798.528500,,
799.533800,,
799.547800,,
799.585650,,
806.592700,,
806.616600,,
806.632550,,
807.635800,,
807.649750,,
807.685750,,
814.692700,,
814.704650,,
814.718650,,
814.734600,,
815.737850,,
815.751800,,
815.789700,,
822.796150,,
822.808100,,
822.820100,,
822.836100,,
823.841350,,
823.855300,,
823.893200,,
830.898250,,
830.910150,,
830.924200,,
830.940250,,
831.945350,,
831.959350,,
831.995300,,
837.838600,,
837.848550,,
839.061300,,
839.077400,,
839.476150,,
839.629750,,
839.717500,,
839.876150,,
840.338850,,
840.492400,,
840.612050,,
840.765700,,
840.823500,,
840.979150,,
841.144650,,
841.298250,,
841.380000,,
841.533600,,
841.651300,,
841.802850,,
842.335400,,
842.489000,,
842.566800,,
842.720350,,
842.844050,,
842.997600,,
844.002850,,
844.016900,,
844.052750,,
851.059750,,
851.083650,,
851.099700,,
852.103950,,
852.117850,,
852.153800,,
859.160800,,
859.172750,,
859.184700,,
859.200700,,
860.205950,,
860.219900,,
860.260800,,
864.639900,,
864.649900,,
866.261500,,
866.277500,,
867.280750,,
867.294700,,
867.331600,,
874.339100,,
874.351100,,
874.363050,,
874.379100,,
875.382300,,
875.396250,,
875.434150,,
882.440150,,
882.452150,,
882.498000,,
882.513950,,
883.519300,,
883.533200,,
883.571100,,
890.577100,,
890.601050,,
890.617000,,
891.621300,,
891.635250,,
891.672150,,
898.678500,,
898.690500,,
898.704400,,
898.720400,,
899.723700,,
899.739650,,
899.776500,,
905.158900,,
905.170850,,
906.182150,,
906.198100,,
907.201400,,
907.215350,,
907.252250,,
914.259250,,
914.271200,,
914.283200,,
914.299150,,
915.304400,,
915.318550,,
915.359250,,
922.365800,,
922.377700,,
922.391700,,
922.407750,,
923.410900,,
923.424950,,
923.460800,,
930.469300,,
930.493250,,
930.509200,,
931.512650,,
931.526400,,
931.564300,,
938.569850,,
938.581800,,
938.595750,,
938.609850,,
939.615050,,
939.628950,,
939.666850,,
946.672850,,
946.684850,,
946.696800,,
946.712750,,
947.718050,,
947.732000,,
947.769900,,
951.043650,,
951.074550,,
952.389700,,
952.406900,,
952.552500,,
952.706200,,
953.043150,,
953.196750,,
953.294500,,
953.448150,,
953.626650,,
953.778250,,
953.947850,,
954.103350,,
954.129250,,
954.284850,,
954.330700,,
954.484250,,
954.596050,,
954.749550,,
955.032750,,
955.186350,,
955.244300,,
955.397800,,
955.459650,,
955.614200,,
955.692000,,
955.845550,,
956.850850,,
956.864800,,
956.902700,,
957.759550,,
957.791450,,
959.003200,,
959.019150,,
960.022450,,
960.036400,,
960.074300,,
961.130150,,
961.170100,,
962.781900,,
962.798000,,
963.365350,,
963.519900,,
963.607650,,
963.761250,,
963.839050,,
963.992600,,
964.078350,,
964.231950,,
965.237250,,
965.251200,,
965.287100,,
972.292900,,
972.304850,,
972.318800,,
972.332800,,
973.210450,,
973.364000,,
974.369250,,
974.383250,,
974.419200,,
977.586550,,
977.618450,,
979.030250,,
979.046150,,
979.199750,,
979.353350,,
979.403200,,
979.556800,,
979.654500,,
979.808100,,
980.205000,,
980.358600,,
981.363900,,
981.377850,,
981.414850,,
987.214750,,
987.226700,,
988.238000,,
988.254000,,
989.259200,,
989.273150,,
989.309050,,
996.316400,,
996.328300,,
996.340250,,
996.356200,,
997.335550,,
997.489100,,
998.493400,,
998.507350,,
998.545250,,
1002.634400,,
1002.646350,,
1003.857200,,
1003.873050,,
1004.094450,,
1004.248100,,
1004.345800,,
1004.499350,,
1004.557200,,
1004.710800,,
1004.768650,,
1004.922350,,
1005.009950,,
1005.163550,,
1005.251400,,
1005.406700,,
1005.483650,,
1005.637250,,
1005.681100,,
1005.834700,,
1005.872600,,
1006.026200,,
1006.082000,,
1006.235650,,
1006.303400,,
1006.459050,,
1007.462300,,
1007.476250,,
1007.514150,,
1014.519150,,
1014.531150,,
1014.545100,,
1014.561050,,
1015.564300,,
1015.578300,,
1015.614400,,
1022.621750,,
1022.633750,,
1022.647750,,
1022.663700,,
1023.647000,,
1023.804600,,
1023.946200,,
1024.101750,,
1024.157600,,
1024.311200,,
1024.369100,,
1024.522650,,
1024.586450,,
1024.746050,,
1024.867700,,
1025.021250,,
1025.208800,,
1025.362400,,
1025.591750,,
1025.745300,,
1026.042550,,
1026.196100,,
1026.449500,,
1026.603050,,
1027.608250,,
1027.622250,,
1027.658200,,
1027.783800,,
1027.793750,,
1028.805000,,
1028.821000,,
1029.826250,,
1029.840200,,
1029.876150,,
1036.882100,,
1036.894050,,
1036.908050,,
1036.922150,,
1037.927250,,
1037.941250,,
1037.979150,,
1044.984050,,
1044.996000,,
1045.009900,,
1045.025900,,
1046.029200,,
1046.043150,,
1046.081000,,
1049.522650,,
1049.552600,,
1050.563550,,
1050.579500,,
1051.589750,,
1051.603700,,
1051.639600,,
1052.235950,,
1052.267850,,
1053.580300,,
1053.596300,,
1054.033100,,
1054.188700,,
1054.346250,,
1054.499850,,
1055.504100,,
1055.518050,,
1055.554050,,
1058.349400,,
1058.380400,,
1059.792450,,
1059.808500,,
1060.813750,,
1060.827700,,
1060.863600,,
1062.403550,,
1062.413400,,
1063.723850,,
1063.739800,,
1063.815550,,
1063.969350,,
1064.102800,,
1064.256400,,
1064.423950,,
1064.577500,,
1064.635350,,
1064.788950,,
1064.965500,,
1065.119100,,
1066.123350,,
1066.137250,,
1066.175150,,
1073.182150,,
1073.206100,,
1073.222100,,
1074.225350,,
1074.239300,,
1074.276800,,
1077.596800,,
1077.628700,,
1079.240300,,
1079.256350,,
1080.261600,,
1080.275500,,
1080.313450,,
1086.883700,,
1086.895650,,
1088.507300,,
1088.523350,,
1089.526600,,
1089.542450,,
1089.591450,,
1096.598550,,
1096.623550,,
1096.639550,,
1097.644700,,
1097.658700,,
1097.696550,,
1104.702550,,
1104.714500,,
1104.726500,,
1104.742450,,
1105.747750,,
1105.761700,,
1105.805650,,
1112.812550,,
1112.824550,,
1112.836500,,
1112.852500,,
1113.165650,,
1113.319300,,
1113.367100,,
1113.520750,,
1113.767050,,
1113.920550,,
1114.925900,,
1114.941800,,
1114.977700,,
1116.277400,,
1116.308300,,
1117.720150,,
1117.736150,,
1117.793950,,
1117.947550,,
1118.013350,,
1118.166950,,
1118.298600,,
1118.452200,,
1118.514000,,
1118.668600,,
1118.696500,,
1118.850100,,
1119.105400,,
1119.259000,,
1120.012950,,
1120.166550,,
1121.171800,,
1121.185850,,
1121.224650,,
1126.246300,,
1126.277250,,
1127.589500,,
1127.605500,,
1127.695200,,
1127.848850,,
1127.914650,,
1128.068200,,
1128.185900,,
1128.339500,,
1128.817400,,
1128.972850,,
1129.978050,,
1129.992050,,
1130.028900,,
1130.738950,,
1130.748950,,
1132.360550,,
1132.376550,,
1132.809400,,
1132.962950,,
1133.339900,,
1133.493500,,
1133.561300,,
1133.714950,,
1134.189700,,
1134.343200,,
1134.544700,,
1134.700250,,
1134.776050,,
1134.929600,,
1135.011450,,
1135.165050,,
1136.170250,,
1136.184200,,
1136.221100,,
1137.159200,,
1137.191100,,
1138.603300,,
1138.619250,,
1138.699050,,
1138.852650,,
1138.931400,,
1139.087000,,
1139.244550,,
1139.398150,,
1139.533850,,
1139.687450,,
1140.198950,,
1140.352550,,
1140.422350,,
1140.575950,,
1140.777400,,
1140.933000,,
1141.367800,,
1141.523400,,
1142.526650,,
1142.540650,,
1142.578500,,
1142.676250,,
1142.686250,,
1143.896950,,
1143.914950,,
1144.918150,,
1144.934300,,
1144.969050,,
1145.716550,,
1145.749450,,
1146.960200,,
1146.976150,,
1147.981400,,
1147.995350,,
1148.031250,,
1151.178250,,
1151.188250,,
1152.198500,,
1152.214450,,
1153.219750,,
1153.233650,,
1153.269600,,
1154.558750,,
1154.591700,,
1155.602900,,
1155.618850,,
1155.894100,,
1156.047700,,
1156.309050,,
1156.462600,,
1157.466850,,
1157.480800,,
1157.517700,,
1159.173250,,
1159.205150,,
1160.217950,,
1160.233900,,
1161.109550,,
1161.263100,,
1162.268350,,
1162.282350,,
1162.320250,,
1162.761050,,
1162.773000,,
1164.384650,,
1164.400600,,
1165.405950,,
1165.421850,,
1165.457750,,
1165.949850,,
1165.981750,,
1167.293750,,
1167.309750,,
1168.312950,,
1168.326900,,
1168.362800,,
1169.248400,,
1169.283350,,
1170.695650,,
1170.713450,,
1171.716750,,
1171.730700,,
1171.766250,,
1173.766750,,
1173.798700,,
1175.010050,,
1175.028050,,
1176.033350,,
1176.047250,,
1176.085150,,
1176.597750,,
1176.609750,,
1177.920150,,
1177.936100,,
1178.941400,,
1178.955350,,
1178.992250,,
1179.707600,,
1179.739600,,
1180.950050,,
1180.965950,,
1181.971200,,
1181.985250,,
1182.021100,,
1182.409700,,
1182.423550,,
1183.434800,,
1183.450800,,
1184.456050,,
1184.470050,,
1184.504900,,
1186.268150,,
1186.280100,,
1187.891750,,
1187.907700,,
1188.912950,,
1188.926900,,
1188.962850,,
1190.286800,,
1190.296750,,
1191.609200,,
1191.623150,,
1192.630400,,
1192.644400,,
1192.680250,,
1197.125750,,
1197.157650,,
1198.569850,,
1198.585800,,
1199.279900,,
1199.433500,,
1199.511300,,
1199.664850,,
1199.706750,,
1199.860350,,
1199.908200,,
1200.061800,,
1200.121650,,
1200.275200,,
1201.279500,,
1201.295450,,
1201.331350,,
1208.338950,,
1208.350900,,
1208.362900,,
1208.378850,,
1209.384100,,
1209.398100,,
1209.435950,,
1211.739750,,
1211.771650,,
1213.183800,,
1213.199800,,
1214.205050,,
1214.221000,,
1214.257900,,
1217.513100,,
1217.545000,,
1218.857450,,
1218.873400,,
1219.876650,,
1219.890650,,
1219.929500,,
1223.740250,,
1223.752150,,
1224.762400,,
1224.780400,,
1225.783700,,
1225.797600,,
1225.835550,,
1227.675500,,
1227.685500,,
1228.898200,,
1228.914200,,
1229.921400,,
1229.937400,,
1229.973300,,
1231.848200,,
1231.880100,,
1233.091900,,
1233.109800,,
1234.115100,,
1234.129000,,
1234.165000,,
1234.699500,,
1234.731400,,
1236.343050,,
1236.358000,,
1236.557450,,
1236.711000,,
1236.808800,,
1236.962350,,
1237.967650,,
1237.981550,,
1238.017500,,
1243.984350,,
1244.000250,,
1245.412450,,
1245.428600,,
1246.431650,,
1246.445600,,
1246.483500,,
1247.746100,,
1247.778000,,
1248.790800,,
1248.806750,,
1248.904500,,
1249.058100,,
1249.106000,,
1249.259600,,
1249.308400,,
1249.462000,,
1249.515900,,
1249.669450,,
1249.715300,,
1249.868900,,
1250.227900,,
1250.381500,,
1250.445300,,
1250.598900,,
1250.646900,,
1250.800500,,
1250.868200,,
1251.023750,,
1251.109550,,
1251.263200,,
1252.269400,,
1252.283350,,
1252.321250,,
1259.326450,,
1259.338400,,
1259.352400,,
1259.368400,,
1260.373600,,
1260.387550,,
1260.423450,,
1267.430050,,
1267.442000,,
1267.455950,,
1267.471900,,
1268.475200,,
1268.491150,,
1268.531050,,
1274.533750,,
1274.565750,,
1275.876100,,
1275.892050,,
1276.897350,,
1276.911300,,
1276.949250,,
1280.807800,,
1280.839650,,
1282.052350,,
1282.068350,,
1282.487200,,
1282.640800,,
1282.706600,,
1282.860200,,
1282.997800,,
1283.151400,,
1284.156650,,
1284.170600,,
1284.206550,,
1291.213650,,
1291.225600,,
1291.239550,,
1291.255500,,
1292.159050,,
1292.312650,,
1293.321050,,
1293.332850,,
1293.370800,,
1298.413150,,
1298.445050,,
1300.056700,,
1300.072700,,
1301.077900,,
1301.091900,,
1301.134800,,
1304.797850,,
1304.807800,,
1306.419500,,
1306.435450,,
1307.440650,,
1307.454650,,
1307.490550,,
1308.788600,,
1308.798550,,
1310.209750,,
1310.229650,,
1311.234950,,
1311.248900,,
1311.284850,,
1315.800550,,
1315.832500,,
1317.444200,,
1317.460100,,
1318.465400,,
1318.479300,,
1318.517200,,
1325.388150,,
1325.400100,,
1326.710600,,
1326.726500,,
1327.731800,,
1327.745750,,
1327.781650,,
1334.788650,,
1334.812600,,
1334.828550,,
1335.831900,,
1335.847800,,
1335.894700,,
1342.901700,,
1342.913600,,
1342.927600,,
1342.943650,,
1343.948900,,
1343.962800,,
1343.998650,,
1346.208650,,
1346.240600,,
1347.453300,,
1347.469250,,
1348.474550,,
1348.488500,,
1348.526400,,
1355.532450,,
1355.544350,,
1355.556350,,
1355.572350,,
1356.577550,,
1356.591550,,
1356.626450,,
1357.019900,,
1357.051850,,
1358.463300,,
1358.479300,,
1359.484550,,
1359.498500,,
1359.534400,,
1359.953350,,
1359.985200,,
1361.597100,,
1361.613100,,
1361.834450,,
1361.988050,,
1362.027950,,
1362.181550,,
1362.229500,,
1362.385000,,
1362.799850,,
1362.953450,,
1363.168850,,
1363.324450,,
1363.410200,,
1363.566750,,
1364.573050,,
1364.587000,,
1364.622900,,
1371.629500,,
1371.641450,,
1371.655450,,
1371.669400,,
1372.678550,,
1372.691600,,
1372.727500,,
1379.734500,,
1379.756700,,
1379.774400,,
1380.777651,,
1380.791651,,
1380.828501,,
1387.834701,,
1387.846701,,
1387.860701,,
1387.876651,,
1388.879901,,
1388.893851,,
1388.931751,,
1394.804951,,
1394.836751,,
1395.848001,,
1395.864051,,
1396.867251,,
1396.881201,,
1396.918101,,
1403.926101,,
1403.965001,,
1404.970301,,
1404.984201,,
1405.022101,,
1412.027101,,
1412.039101,,
1412.053051,,
1412.067051,,
1413.072301,,
1413.086251,,
1413.122151,,
1420.131151,,
1420.155101,,
1420.171051,,
1420.803301,,
1420.956901,,
1421.040701,,
1421.194251,,
1421.292001,,
1421.445601,,
1421.818601,,
1421.972151,,
1422.030001,,
1422.181601,,
1422.554601,,
1422.708151,,
1422.756101,,
1422.909651,,
1423.260751,,
1423.419251,,
1423.505051,,
1423.658601,,
1424.661851,,
1424.675901,,
1424.713701,,
1427.259851,,
1427.271801,,
1428.683951,,
1428.699951,,
1429.703201,,
1429.717151,,
1429.755051,,
1436.760701,,
1436.772551,,
1436.786501,,
1436.802451,,
1437.805751,,
1437.819701,,
1437.855651,,
1444.862601,,
1444.886551,,
1444.902501,,
1445.913751,,
1445.927751,,
1445.963651,,
1452.969601,,
1452.981601,,
1452.995551,,
1453.011501,,
1454.016751,,
1454.030751,,
1454.066651,,
1461.074251,,
1461.086251,,
1461.098201,,
1461.114151,,
1462.119401,,
1462.133401,,
1462.171301,,
1469.177301,,
1469.189251,,
1469.201201,,
1469.217201,,
1470.221451,,
1470.235401,,
1470.272301,,
1477.279251,,
1477.291201,,
1477.303201,,
1477.319101,,
1478.324451,,
1478.338351,,
1478.374301,,
1485.382801,,
1485.406751,,
1485.422701,,
1486.426951,,
1486.440951,,
1486.477851,,
1493.483851,,
1493.495801,,
1493.507751,,
1493.523801,,
1494.529001,,
1494.543001,,
1494.580851,,
1501.586851,,
1501.598851,,
1501.610851,,
1501.626751,,
1502.632051,,
1502.646001,,
1502.682901,,
1506.738901,,
1506.748901,,
1507.760101,,
1507.774101,,
1508.374451,,
1508.528051,,
1509.533351,,
1509.547301,,
1509.586151,,
1516.592801,,
1516.604751,,
1516.616701,,
1516.632701,,
1517.638001,,
1517.653951,,
1517.693801,,
1524.700801,,
1524.712801,,
1524.726801,,
1524.740701,,
1525.748001,,
1525.761951,,
1525.799801,,
1531.673901,,
1531.685901,,
1532.897651,,
1532.913551,,
1533.918851,,
1533.932801,,
1533.969201,,
1538.470651,,
1538.480501,,
1539.693201,,
1539.709201,,
1540.712451,,
1540.726451,,
1540.764301,,
1541.486351,,
1541.498301,,
1542.508551,,
1542.524501,,
1543.529801,,
1543.543751,,
1543.581651,,
1549.902101,,
1549.935001,,
1551.546851,,
1551.562751,,
1551.857901,,
1552.013501,,
1553.016751,,
1553.030751,,
1553.068601,,
1560.074651,,
1560.086651,,
1560.098601,,
1560.114601,,
1561.119851,,
1561.133801,,
1561.174701,,
1562.265701,,
1562.298651,,
1563.609101,,
1563.625051,,
1563.702851,,
1563.856451,,
1564.181551,,
1564.335151,,
1565.340401,,
1565.354351,,
1565.391251,,
1572.397951,,
1572.409951,,
1572.421901,,
1572.437851,,
1573.443251,,
1573.457101,,
1573.494951,,
1580.501951,,
1580.525901,,
1580.541951,,
1581.546201,,
1581.560101,,
1581.598001,,
1587.678301,,
1587.710151,,
1589.122351,,
1589.136351,,
1589.403601,,
1589.557201,,
1589.732701,,
1589.890301,,
1590.007951,,
1590.161651,,
1591.001251,,
1591.156851,,
1592.160101,,
1592.176101,,
1592.212951,,
1599.218551,,
1599.230551,,
1599.242501,,
1599.258501,,
1600.264701,,
1600.278651,,
1600.315601,,
1607.249801,,
1607.261801,,
1608.273001,,
1608.289001,,
1609.292301,,
1609.306201,,
1609.342101,,
1616.032951,,
1616.077151,,
1617.289551,,
1617.303501,,
1617.594701,,
1617.750351,,
1618.388651,,
1618.544201,,
1618.582051,,
1618.737601,,
1618.805451,,
1618.959051,,
1619.962351,,
1619.976301,,
1620.014151,,
1625.070451,,
1625.102401,,
1626.714001,,
1626.731951,,
1626.793801,,
1626.947401,,
1627.005201,,
1627.156801,,
1627.246551,,
1627.400151,,
1627.454001,,
1627.605601,,
1627.635501,,
1627.789201,,
1627.922701,,
1628.076351,,
1628.174101,,
1628.327651,,
1628.628801,,
1628.782401,,
1628.830251,,
1628.983851,,
1629.035701,,
1629.189301,,
1629.422651,,
1629.576201,,
1629.634101,,
1629.787651,,
1629.865451,,
1630.019051,,
1630.252401,,
1630.406101,,
1631.084151,,
1631.237751,,
1631.277651,,
1631.429201,,
1631.586801,,
1631.740401,,
1632.085401,,
1632.239051,,
1632.298851,,
1632.452401,,
1632.753601,,
1632.907251,,
1632.965051,,
1633.118601,,
1633.525551,,
1633.677101,,
1633.717001,,
1633.870601,,
1633.908501,,
1634.062101,,
1634.119951,,
1634.273501,,
1634.315351,,
1634.468951,,
1634.516801,,
1634.670401,,
1634.708301,,
1634.861901,,
1635.029451,,
1635.183051,,
1635.396451,,
1635.550051,,
1636.555301,,
1636.569251,,
1636.606201,,
1643.613201,,
1643.625151,,
1643.637101,,
1643.653051,,
1644.263401,,
1644.417001,,
1645.422251,,
1645.436251,,
1645.471351,,
1646.512351,,
1646.522301,,
1647.832751,,
1647.848701,,
1648.106001,,
1648.259601,,
1649.173101,,
1649.327701,,
1649.385551,,
1649.539151,,
1650.543401,,
1650.557351,,
1650.593251,,
1650.898001,,
1650.929901,,
1652.242351,,
1652.258301,,
1652.941501,,
1653.095051,,
1653.214751,,
1653.368301,,
1653.484001,,
1653.637601,,
1654.060501,,
1654.216001,,
1654.738601,,
1654.892151,,
1655.025801,,
1655.179401,,
1655.321001,,
1655.472601,,
1655.580351,,
1655.733901,,
1656.051001,,
1656.204651,,
1657.208851,,
1657.222851,,
1657.259251,,
1661.753101,,
1661.783651,,
1662.794851,,
1662.810851,,
1663.814251,,
1663.830051,,
1663.865051,,
1665.939501,,
1665.949401,,
1667.359601,,
1667.375551,,
1667.553051,,
1667.706651,,
1668.709901,,
1668.723901,,
1668.761751,,
1670.976801,,
1671.009701,,
1672.421451,,
1672.437351,,
1673.442701,,
1673.456601,,
1673.494501,,
1680.499551,,
1680.511451,,
1680.525401,,
1680.541451,,
1681.544651,,
1681.558651,,
1681.596501,,
1688.602651,,
1688.626601,,
1688.642551,,
1689.645851,,
1689.659801,,
1689.695701,,
1696.077401,,
1696.087401,,
1697.699051,,
1697.715001,,
1698.720301,,
1698.734251,,
1698.772151,,
1705.777801,,
1705.789651,,
1705.803651,,
1705.819651,,
1706.824901,,
1706.838851,,
1706.874751,,
1713.882301,,
1713.894201,,
1713.906201,,
1713.922151,,
1714.931401,,
1714.945351,,
1714.983251,,
1721.989801,,
1722.001751,,
1722.013751,,
1722.029701,,
1723.034951,,
1723.049001,,
1723.085851,,
1725.805101,,
1725.817101,,
1727.428701,,
1727.444701,,
1727.602201,,
1727.755851,,
1728.761101,,
1728.816951,,
1728.854901,,
1729.502751,,
1729.533801,,
1730.746451,,
1730.762351,,
1731.765651,,
1731.779601,,
1731.817501,,
1738.822501,,
1738.834451,,
1738.848501,,
1738.864451,,
1739.867851,,
1739.881601,,
1739.919551,,
1746.924551,,
1746.936501,,
1746.950501,,
1746.966401,,
1747.971701,,
1747.985651,,
1748.023551,,
1749.730551,,
1749.762551,,
1751.073451,,
1751.089401,,
1752.094701,,
1752.110651,,
1752.146551,,
1755.106501,,
1755.118501,,
1756.428951,,
1756.444951,,
1757.450151,,
1757.464151,,
1757.502051,,
1764.508001,,
1764.520001,,
1764.531951,,
1764.547951,,
1765.553201,,
1765.567151,,
1765.605051,,
1772.611101,,
1772.635001,,
1772.648951,,
1773.654201,,
1773.670201,,
1773.706101,,
1777.789651,,
1777.821601,,
1779.433201,,
1779.452351,,
1780.455451,,
1780.471401,,
1780.507301,,
1784.362851,,
1784.394751,,
1785.606301,,
1785.622301,,
1785.724001,,
1785.877551,,
1786.380201,,
1786.533801,,
1786.651451,,
1786.805101,,
1786.874851,,
1787.028451,,
1787.822301,,
1787.975851,,
1788.175301,,
1788.328901,,
1788.733801,,
1788.887401,,
1788.965201,,
1789.118801,,
1790.124051,,
1790.138001,,
1790.173901,,
1797.180501,,
1797.194451,,
1797.206401,,
1797.222451,,
1798.226701,,
1798.240601,,
1798.278501,,
1801.492951,,
1801.504751,,
1802.516101,,
1802.531951,,
1803.537251,,
1803.551201,,
1803.587101,,
