trial_index,pfc_mag_standardized,dms_mag_standardized,prpd_standardized,pfc_mag_filtered,dms_mag_filtered,prpd_filtered,pfc_phase,dms_phase,prpd_phase
1,0.6537025623916805,-0.635499734284328,-0.24134729189787787,0.7697667000164514,-0.6621875218656808,-0.22922382448232403,-1.083407978535773,2.8991686347409544,1.7550732564637919
2,-0.5520533025272619,-0.9985143920913139,-0.24134729189787787,0.7294278922220852,-0.6042088363999687,-0.30740829380148227,-0.7090986776342646,-2.8203220015770807,1.8029088023668172
3,1.5149567516194973,0.27203691023313586,-0.24134729189787787,0.6892086362645597,-0.5471717720833542,-0.3853301139731188,-0.7164802715340907,-2.7453294009580977,1.8504429986201356
4,0.8259534002372441,-0.9985143920913139,-2.0620486557363127,0.6491873860297663,-0.4912394982813675,-0.46280302574725285,-0.4545877686046209,-2.5169740676274186,1.8957734167269937
5,-0.37980246468169876,-0.635499734284328,-2.0620486557363127,0.609440824659587,-0.4365705001818821,-0.5396436858238937,-0.4599323292393166,-2.444108579118243,1.9401018535319117
6,0.13695004885499085,2.8131395148820353,-2.0620486557363127,0.5700434914364871,-0.3833176369918185,-0.6156727159740812,-0.2283181263572212,-2.292725816523902,1.98295646760677
7,-0.5520533025272624,2.45012485707505,-1.606873314776704,0.5310674339902569,-0.33162724573987035,-0.6907157047290223,-0.2292514703920664,-2.2208817117671744,2.0250091891474966
8,-0.20755162683613565,-0.9985143920913137,-1.6979083829686257,0.4925818893980278,-0.2816383004264544,-0.7646041506247219,-0.01128711193977917,-2.1033124246567425,2.0659650675541137
9,-0.37980246468169876,2.087110199268064,-1.7585984284299068,0.4546529971895875,-0.23348163503403702,-0.8371763375977467,-0.005209366819347148,-2.031598901818715,2.1062817780700414
10,0.8259534002372441,-0.635499734284328,-1.8019484609022502,0.4173435464314755,-0.1872792370277781,-0.9082781347830374,0.2035090670223615,-1.9328977759078119,2.145726041083199
11,0.6537025623916805,-0.8170070631878207,-1.8344609852565084,0.3807127581086293,-0.14314361595390115,-0.9777637144693813,0.2193487762637284,-1.8606392513801941,2.184643143208879
12,-0.7243041403728254,0.8165588969436145,-1.8597485041987087,0.3448161031748842,-0.10117725012969815,-1.0454961833120764,0.41847674457848366,-1.773832162869346,2.2228327410926556
13,-0.03530078899057251,0.4535442391366288,-1.8597485041987087,0.3097051560682734,-0.061472113404425044,-1.1113481231516595,0.44659196714089283,-1.7004587580592752,2.260572136704059
14,-0.035300788990572284,1.3610808836540924,-1.879978519352469,0.27542748314937926,-0.02410928342881199,-1.1752020389840756,0.633376296447064,-1.6216745647138422,2.2976829422039127
15,-0.7243041403728254,0.816558896943614,-1.879978519352469,0.2420265652013096,0.010841367516551743,-1.2369507127753416,0.6754644787718622,-1.5466504728420793,2.3343973927574564
16,-0.37980246468169876,0.8165588969436145,-1.879978519352469,0.2095417526519314,0.04332139867266753,-1.296497462903024,0.8462306786253146,-1.4734555098582363,2.370553632322664
17,0.6537025623916807,-0.9985143920913138,-1.879978519352469,0.17800825154262634,0.07328394439993424,-1.3537563100294892,0.9026391693786165,-1.3962300588559304,2.4063520445459723
18,1.3427059137739337,2.268617528171557,-1.879978519352469,0.1474571375729137,0.10069377678872256,-1.4086520511631033,1.0541310614578099,-1.3269219596720498,2.441644142084436
19,0.3092008867005542,-0.45399240538083546,-1.879978519352469,0.11791539496392141,0.12552728984150432,-1.461120244540661,1.1236694663472513,-1.2468909142887088,2.4766067065830235
20,1.5149567516194968,0.27203691023313586,-1.879978519352469,0.0894059766473227,0.14777240854185084,-1.5111071087662107,1.2540674648460548,-1.1801466290361533,2.5111025603841375
21,-0.379802464681699,1.1795735547505999,-1.879978519352469,0.06194788255637706,0.16742842672983957,-1.5585693403689098,1.3343060376651008,-1.0966172798796228,2.545290350761953
22,-0.5520533025272621,-0.817007063187821,-1.879978519352469,0.03555625346988058,0.1845057782547937,-1.6034738545979355,1.4436140232600314,-1.0312889711440016,2.57904276575032
23,0.3092008867005542,-0.2724850764773423,-1.879978519352469,0.010242478630408468,0.1990257463520694,-1.6457974548588907,1.5315085225022487,-0.9434466524960247,2.612504115664016
24,0.13695004885499107,-0.8170070631878207,-1.879978519352469,-0.01398568408962194,0.2110201165036794,-1.685526436716833,1.621291106203002,-0.8784222697592772,2.6455558864456457
25,0.13695004885499107,1.3610808836540929,-1.6979083829686257,-0.03712397649484075,0.2205307780908407,-1.7226561328483645,1.7138169761729718,-0.785300221630849,2.67833078844298
26,-0.5520533025272624,-0.817007063187821,-1.6979083829686257,-0.05917149788039602,0.2276092798811858,-1.7571904057159928,1.78658465746498,-0.7193911500054789,2.7107182830340095
27,-0.03530078899057251,-0.9985143920913137,-1.6979083829686257,-0.08013055340857513,0.23231634394277217,-1.7891410950468443,1.8811548913734832,-0.6198527493851396,2.742841511740971
28,-0.20755162683613565,-0.09097774757384966,-1.6979083829686257,-0.10000649408557964,0.23472134213577645,-1.8185274274019667,1.939744165599247,-0.5516929161260216,2.7745972554964693
29,-0.03530078899057251,0.6350515680401214,-1.6979083829686257,-0.11880754939805459,0.23490173889478747,-1.8453753952122447,2.034371624683233,-0.4444490524322657,2.8061006284563788
30,-0.5520533025272623,-0.09097774757384966,-1.6979083829686257,-0.13654465377236008,0.23294250344873635,-1.8697171126488183,2.081510291770741,-0.37240897511830445,2.8372551909740604
31,0.8259534002372441,0.9980662258471071,-1.6979083829686257,-0.1532312681493899,0.228935493996413,-1.8915901556195125,2.174791083015335,-0.25611854325250516,2.868169218577384
32,-0.7243041403728254,4.265198146109978,-1.6979083829686257,-0.16888319806075888,0.22297881593685978,-1.9110368930601715,2.2128730252641957,-0.17826803130238453,2.898752591574806
33,-0.7243041403728254,-0.635499734284328,-1.6979083829686257,-0.1835184096161639,0.21517615630990042,-1.9281038165308881,2.303885671999526,-0.05180689963542073,2.9291076720393003
34,-0.20755162683613565,0.09052958132964323,-1.6979083829686257,-0.19715684477957365,0.20563609730623625,-1.9428408749361088,2.3348987372163013,0.033986976245650134,2.9591502555946736
35,-0.0353007889905724,1.9056028703645713,-1.5158382465847822,-0.2098202373144512,0.1944714130140144,-1.9553008209668246,2.423084545965514,0.17097731781731906,2.9889775116928936
36,2.5484617786928765,-0.4539924053808352,-1.5158382465847822,-0.22153193089474155,0.18179835505938335,-1.965538575609132,2.448624787695369,0.2666657150849693,3.0185107816066465
37,-0.20755162683613565,-1.1800217209948065,-1.5158382465847822,-0.2323167009782559,0.16773593397641573,-1.9736106167607868,2.533681386774304,0.4129168567601217,3.0478425990047864
38,-0.3798024646816989,-0.4539924053808352,-1.5158382465847822,-0.24220058179688406,0.1524052038505402,-1.9795743976228286,2.555005011732723,0.5194660605286627,3.07689950092806
39,-0.20755162683613565,-0.635499734284328,-1.3337681102009384,-0.2512106990641367,0.13592855804474682,-1.9834878000758793,2.6368031956166007,0.6712208249664215,3.105769806922209
40,-0.7243041403728254,-1.1800217209948065,-1.3337681102009384,-0.259375107999124,0.11842904357784041,-1.9854086277197938,2.6548882873639172,0.7875740616909436,3.1343849088947078
41,-0.7243041403728254,-0.4539924053808353,-1.3337681102009384,-0.2667226354984113,0.10002970099193711,-1.985394142661281,2.733411754924838,0.9385832478355054,-3.120356086227017
42,-0.7243041403728254,-0.9985143920913138,-1.5158382465847822,-0.2732827250050592,0.08085293552172865,-1.9835006494731746,2.749016520262779,1.0611783883291412,-3.092146655872661
43,-0.5520533025272623,-0.8170070631878209,-1.6979083829686257,-0.27908528275520117,0.06101992425264773,-1.9797831290248282,2.8243203194731157,1.2043272786820387,-3.0640913842920567
44,-0.7243041403728254,-0.09097774757384966,-1.5158382465847822,-0.28416052445781737,0.040650062808689255,-1.9742949241366325,2.8380329006912057,1.328009244274727,-3.0362501860956086
45,-0.7243041403728254,-0.27248507647734244,-1.5158382465847822,-0.28853882195648145,0.019860453991117345,-1.9670874783100745,2.91021578427218,1.4578547475057817,-3.0085458932690923
46,-0.7243041403728254,0.09052958132964323,-1.5158382465847822,-0.29225054994969735,-0.0012345602230379067,-1.9582101281698145,2.92249471338261,1.577762242307245,-2.9810345831571867
47,-0.5520533025272623,-1.1800217209948065,-1.5158382465847822,-0.29532593337368773,-0.022523822719137474,-1.9477099497087569,2.9916812511276287,1.692028508859874,-2.953642569989991
48,-0.20755162683613565,0.9980662258471071,-1.3337681102009384,-0.2977948965782231,-0.04389974127372061,-1.9356316579008817,3.002887318934847,1.8049843973733295,-2.926422433307343
49,-0.3798024646816989,-0.635499734284328,-1.5158382465847822,-0.29968691593371943,-0.06525862490424844,-1.922017558704575,3.0692165625836587,1.9041945226223211,-2.8993039476266045
50,-0.5520533025272623,-0.4539924053808353,-1.5158382465847822,-0.30103087793704536,-0.08650097714980873,-1.9069075519122511,3.0796374038656005,2.008884189988674,-2.872336530776926
51,1.3427059137739337,-0.09097774757384966,-1.5158382465847822,-0.30185494517577094,-0.10753174709139625,-1.8903391827161433,-3.139929538450088,2.095073326958383,-2.845453433650361
52,-0.3798024646816989,-0.27248507647734255,-1.5158382465847822,-0.302186432632218,-0.12826053905460313,-1.8723477392760026,-3.1300608269104377,2.1914864238211003,-2.818701240033987
53,-0.5520533025272623,-0.9985143920913137,-1.5158382465847822,-0.3020516967143524,-0.14860178208018526,-1.852966393021286,-3.069004098107014,2.2670923272474495,-2.792016718327509
54,-0.20755162683613565,0.4535442391366288,-1.6979083829686257,-0.3014760390670969,-0.16847486044862173,-1.8322263779142411,-3.0594951368211616,2.3558876869225305,-2.7654439308167924
55,-0.0353007889905724,0.09052958132964323,-1.6979083829686257,-0.3004836267661704,-0.18780420678599355,-1.8101572044420835,-3.00085101201112,2.4231582547832584,-2.7389232167569344
56,-0.5520533025272623,-0.9985143920913138,-1.6979083829686257,-0.29909743014467977,-0.206519359503747,-1.7867869037046524,-2.991540113650875,2.50523140795653,-2.7124964070312068
57,0.48145172454611757,-0.27248507647734255,-1.6979083829686257,-0.29733917933604337,-0.22455498646095817,-1.7621422966409503,-2.9351619939134306,2.5660211789921368,-2.6861074653857364
58,2.20396010300175,-0.635499734284328,-1.879978519352469,-0.2952293405208621,-0.2418508767777231,-1.736249283208692,-2.9259111168314975,2.6422772141825135,-2.659796252015488
59,-0.37980246468169887,-0.09097774757384966,-1.879978519352469,-0.29278711263783075,-0.2583519027868171,-1.709133146190641,-2.871656681612314,2.698038355612983,-2.633510398847416
60,-0.20755162683613565,-0.8170070631878209,-1.879978519352469,-0.290030444755655,-0.2740079542875129,-1.680818864244294,-2.8623467242553007,2.7692960174486254,-2.6072880211173497
61,-0.5520533025272623,-0.635499734284328,-1.879978519352469,-0.2869760733515595,-0.28877384752211804,-1.651331428846579,-2.810079649118627,2.8211397112906567,-2.581080444795573
62,-0.20755162683613565,-0.27248507647734255,-1.879978519352469,-0.2836395776729101,-0.30260921155403014,-1.6206961599208256,-2.800607511211961,2.8881035203357923,-2.5549242272695967
63,-0.5520533025272623,-0.635499734284328,-1.879978519352469,-0.28003545058572205,-0.31547835498322807,-1.588939015156955,-2.7501990848743616,2.9368738670251573,-2.528774391427537
64,-0.7243041403728254,-0.9985143920913137,-1.6979083829686257,-0.2761771820034099,-0.3273501162164798,-1.556086888322005,-2.7404759097173477,3.000136535927088,-2.5026660839983603
65,-0.7243041403728254,-0.4539924053808353,-1.6979083829686257,-0.2720773520103748,-0.33819770080792483,-1.5221678921830795,-2.6918064390515064,3.0464757778755085,-2.4765580022475744
66,0.3092008867005542,1.9056028703645713,-1.6979083829686257,-0.26774773098712795,-0.34799850968923113,-1.487211622004766,-2.681756547335933,3.106531750434124,-2.450483990263405
67,-0.3798024646816989,0.27203691023313614,-1.6979083829686257,-0.2631993843316893,-0.3567339623597138,-1.4512493959123955,-2.634716472047926,-3.1322535376780785,-2.4244063712808472
68,-0.37980246468169887,0.4535442391366288,-1.6979083829686257,-0.25844277966953005,-0.3643893190913785,-1.4143144687194986,-2.6242766780972744,-3.0749921768576534,-2.398357757405754
69,-0.5520533025272623,-0.4539924053808352,-1.6979083829686257,-0.2534878946365424,-0.3709535056721446,-1.3764422161169871,-2.5787673917277063,-3.0321511987685037,-2.372304023889793
70,-0.37980246468169887,0.09052958132964299,-1.6979083829686257,-0.24834432338723975,-0.3764189432040014,-1.3376702864405265,-2.5678865256035714,-2.977339966136841,-2.346276585968865
71,-0.7243041403728254,-0.8170070631878209,-1.6979083829686257,-0.24302138003282792,-0.3807813843624969,-1.2980387175912913,-2.5238209246708094,-2.935761170509568,-2.3202447717272072
72,-0.20755162683613565,-0.09097774757384966,-1.6979083829686257,-0.23752819735925887,-0.3840397566648211,-1.257590017091657,-2.512459437919676,-2.883110636929355,-2.294238800655092
73,-0.5520533025272623,-0.817007063187821,-1.6979083829686257,-0.23187381942654273,-0.3861960127833809,-1.2163692037135339,-2.4697622088190188,-2.842559782997508,-2.2682313296785512
74,-0.7243041403728254,-0.635499734284328,-1.6979083829686257,-0.22606728695899173,-0.38725498770416156,-1.174423809624178,-2.457891775697694,-2.791825282253435,-2.2422513513663986
75,-0.7243041403728254,-0.4539924053808352,-1.879978519352469,-0.2201177147620882,-0.38722426247432257,-1.131803842554489,-2.416499443743472,-2.7521155970375735,-2.216274703640264
76,-0.20755162683613565,-1.1800217209948065,-1.6979083829686257,-0.21403436075173157,-0.3861140343615137,-1.0885617081147088,-2.404102533213795,-2.7030889239319977,-2.190329090957505
77,-0.3798024646816989,-0.27248507647734244,-1.5158382465847822,-0.20782668658693376,-0.3839369934345688,-1.0447520930743006,-2.363963342625563,-2.664069963246473,-2.1643933625271847
78,0.48145172454611757,-0.09097774757384966,-1.3337681102009384,-0.2015044103383119,-0.38070820584872134,-1.000431811187599,-2.351032808144972,-2.6165727499611977,-2.138493847081767
79,0.8259534002372441,1.5425882125575856,-1.1516979738170954,-0.1950775519923569,-0.3764450044162608,-0.9556596139461131,-2.312106551568533,-2.5781221869137325,-2.112612217462365
80,-0.20755162683613565,-0.817007063187821,-1.1516979738170954,-0.18855647273417195,-0.3711668872093251,-0.9104959693952817,-2.298645353132397,-2.532000682403099,-2.0867733184713098
81,0.13695004885499096,-0.8170070631878209,-0.9696278374332516,-0.18195190876750325,-0.36489542477234554,-0.8650028127966776,-2.2609033053820196,-2.4940182724692934,-2.0609614473799778
82,-0.37980246468169887,0.09052958132964323,-0.7875577010494084,-0.1752749999595432,-0.35765417599090626,-0.8192432734206166,-2.2469244968044686,-2.4491392889775616,-2.0351998441548327
83,-0.7243041403728254,-0.27248507647734244,-0.6054875646655649,-0.16853731303767167,-0.34946861204063634,-0.77328138213158,-2.21034956230637,-2.4115424602488846,-2.009475227601234
84,-0.20755162683613565,-0.8170070631878209,-0.42341742828172135,-0.16175085865347974,-0.3403660474297459,-0.7271817646915728,-2.195876587773002,-2.367790249262559,-1.9838091077333737
85,0.3092008867005542,-0.9985143920913137,-0.24134729189787787,-0.15492810149017452,-0.3303755769933952,-0.6810093258418373,-2.1604636456416837,-2.3305108720442784,-1.958190426246207
86,0.3092008867005542,-0.2724850764773423,-0.05927715551403439,-0.14808196267949666,-0.31952801768373246,-0.6348289292053526,-2.145530875294172,-2.287784700060476,-1.9326388420029923
87,-0.20755162683613565,0.6350515680401214,-0.05927715551403439,-0.14122581393656178,-0.30785585410220373,-0.5887050778637768,-2.111287233916635,-2.2507666995705558,-1.9071453324680188
88,-0.7243041403728254,0.4535442391366288,-0.05927715551403439,-0.13437346282611193,-0.29539318692875793,-0.5427016001040202,-2.0959406535825784,-2.2089789559151236,-1.8817275949276118
89,-0.7243041403728254,0.09052958132964323,-0.24134729189787787,-0.12753912841767193,-0.28217568353038835,-0.49688134432780573,-2.0628865457052035,-2.1721765505995037,-1.85637847234706
90,-0.3798024646816989,-0.9985143920913138,-0.05927715551403439,-0.12073740645516118,-0.2682405298384965,-0.45130588653040216,-2.047184539416669,-2.13125128745426,-1.8311136048720322
91,-0.7243041403728254,0.6350515680401214,-0.05927715551403439,-0.11398322327205035,-0.2536263820625913,-0.4060352531598427,-2.0153535792052084,-2.0946277173578842,-1.8059275495557925
92,-0.5520533025272623,-0.635499734284328,-0.05927715551403439,-0.10729177807221751,-0.23837331621263652,-0.36112766162510057,-1.9993677099573601,-2.0544995456046746,-1.780833809229048
93,-0.20755162683613565,-0.635499734284328,-0.05927715551403439,-0.1006784737567584,-0.2225227729784765,-0.3166392802437655,-1.9688071977105233,-2.018026164571552,-1.7558285212669338
94,-0.035300788990572284,-0.9985143920913138,-0.05927715551403439,-0.09415883707703347,-0.20611749530514278,-0.2726240089876942,-1.952622895428547,-1.9786393943492409,-1.7309229843985359
95,-0.7243041403728254,-1.1800217209948065,-0.05927715551403439,-0.0877484294491119,-0.189201455974765,-0.2291332819863382,-1.9233939057920653,-1.9422949735026973,-1.7061147972932535
96,0.48145172454611734,-0.9985143920913137,-0.05927715551403439,-0.0814627502168543,-0.1718197727161133,-0.18621589238899022,-1.9071110675887757,-1.9036028644848817,-1.6814129980625605
97,0.6537025623916807,-0.817007063187821,-0.05927715551403439,-0.07531713447260747,-0.15401860889344954,-0.14391783988065757,-1.8792883586340776,-1.8673729603054219,-1.6568165387431264
98,-0.5520533025272623,-0.09097774757384966,-0.05927715551403439,-0.06932664772511489,-0.13584505864543484,-0.10228220089666834,-1.863021970747955,-1.829336965098515,-1.6323321469553853
99,-0.20755162683613565,-0.09097774757384966,-0.05927715551403439,-0.06350597971263712,-0.11734701629156029,-0.06134902138868253,-1.8366938194341245,-1.7932132479917642,-1.6079600274022101
100,1.5149567516194968,-0.4539924053808352,0.12279298086980908,-0.057869339501462606,-0.09857303068392605,-0.021155231857841884,-1.8205747647091886,-1.7558021874024252,-1.5837045504043648
101,-0.0353007889905724,-0.635499734284328,0.12279298086980908,-0.05243035377611413,-0.0795721457962332,0.018265415718024668,-1.7958428396734214,-1.719781698953741,-1.5595670763949403
102,-0.20755162683613565,-0.9985143920913137,0.12279298086980908,-0.04720196995726921,-0.060393729211000474,0.05688238949650305,-1.780019043530317,-1.6829708770697047,-1.5355495718119505
103,-0.37980246468169887,1.9056028703645713,0.12279298086980908,-0.04219636540829893,-0.04108729044840048,0.09466839841424035,-1.756998366167189,-1.647055241486758,-1.5116544572391422
104,-0.5520533025272623,-0.4539924053808352,0.12279298086980908,-0.03742486354391605,-0.02170229140206863,0.1315993924259133,-1.7416363664871668,-1.6108255386115546,-1.4878812472147414
105,0.13695004885499096,-0.09097774757384966,0.12279298086980908,-0.032897857353185594,-0.0022879514148204,0.16765454297441418,-1.7204553032753889,-1.575020163752263,-1.4642333269806267
106,0.48145172454611757,0.27203691023313586,0.12279298086980908,-0.02862474085144439,0.017106950461842095,0.20281620437568731,-1.7057422165749445,-1.5393571427660344,-1.440707708951412
107,0.13695004885499096,-0.09097774757384966,0.3048631172536525,-0.024613849184681645,0.036434273729810854,0.23706985680791015,-1.6865423070795869,-1.5036704445562563,-1.4173086470503096
108,1.1704550759283707,0.27203691023313614,0.3048631172536525,-0.020872408277383687,0.05564671322627783,0.2704040315608221,-1.6726880587660207,-1.4685635025374966,-1.3940305990254878
109,0.13695004885499096,-1.1800217209948065,0.3048631172536525,-0.017406494842939726,0.07469799260429448,0.3028102191458896,-1.6556234171010102,-1.4330061737736755,-1.3708785913930537
110,-0.3798024646816989,0.09052958132964299,0.3048631172536525,-0.014221007215403536,0.09354305275355787,0.3342827608190439,-1.642863093811199,-1.3984477425394028,-1.347844473587196
111,-0.5520533025272623,-0.8170070631878207,0.486933253637496,-0.011319646913318611,0.11213823332745303,0.3648187240401674,-1.6280991042779056,-1.363032051143178,-1.3249339506346625
112,-0.20755162683613565,1.9056028703645713,0.486933253637496,-0.008704910330596317,0.13044144526431267,0.3944177623819902,-1.616695209615694,-1.3290168191513068,-1.3021362120337545
113,0.8259534002372441,0.8165588969436145,0.486933253637496,-0.006378089698631042,0.1484123317757924,0.4230819603993193,-1.6044060546977659,-1.293755905682965,-1.2794575533415564
114,-0.37980246468169887,0.9980662258471071,0.6690033900213395,-0.004339282528053805,0.1660124150006206,0.45081566398721007,-1.594650132692291,-1.2602800413493656,-1.256884459545605
115,-0.0353007889905724,0.8165588969436145,0.8510735264051829,-0.0025874089252248328,0.18320522569976969,0.4776252968090713,-1.5850143476746326,-1.2251872191379376,-1.2344237408737495
116,0.13695004885499085,0.4535442391366288,0.8510735264051829,-0.001120236266863714,0.19995641406967596,0.5035191634752332,-1.5772270068403083,-1.1922476313027832,-1.2120591471617126
117,-0.5520533025272623,-0.27248507647734255,0.6690033900213395,6.558931817471098e-05,0.21623384074065788,0.5285072403182179,-1.5704199773057699,-1.1573357534479407,-1.1897979473833393
118,-0.20755162683613565,-0.45399240538083546,0.6690033900213395,0.0009745052435619281,0.23200764797269197,0.5526009548580955,-1.5649479302599996,-1.124929464372252,-1.1676211477866403
119,-0.3798024646816989,-0.4539924053808353,0.6690033900213395,0.0016119890530479665,0.24725031170411707,0.5758129553558212,-1.5611300700071558,-1.0902104197307843,-1.1455364486527202
120,-0.20755162683613565,1.1795735547505999,0.6690033900213395,0.0019845096251977796,0.2619366753159233,0.5981568721490864,-1.5583383047688337,-1.0583340788883295,-1.1235221342795516
121,-0.20755162683613565,-0.635499734284328,0.6690033900213395,0.0020994730142973117,0.27604396577551965,0.6196470726971134,-1.5576375909010776,-1.0238184058267246,-1.1015863442580653
122,1.5149567516194968,1.7240955414610784,0.6690033900213395,0.0019651625823412537,0.2895517924438875,0.6402984124170121,-1.5578943432590642,-0.9924679017960737,-1.0797046978502616
123,0.3092008867005542,0.09052958132964323,0.6690033900213395,0.0015906727731978335,0.30244212855505187,0.6601259834946532,-1.56038229588307,-0.9581644663432819,-1.0578858213232571
124,0.3092008867005542,-0.27248507647734255,0.6690033900213395,0.0009858358086342073,0.31469927536061115,0.6791448639164388,-1.5640345420978319,-0.9273345961084808,-1.0361027633078421
125,0.13695004885499085,3.5391688304960063,0.6690033900213395,0.00016114087119683661,0.3263098091520881,0.6973698690025395,-1.569696051184674,-0.8932503237726462,-1.0143647248107475
126,-0.5520533025272621,0.4535442391366288,0.6690033900213395,-0.0008723540939718642,0.3372625117552954,0.7148153077291514,-1.577034266443735,-0.8629345463787512,-0.9926423155686037
127,0.3092008867005542,-0.09097774757384966,0.6690033900213395,-0.0021031172392498706,0.3475482856672253,0.7314947461081968,-1.5857340392123522,-0.8290742672722904,-0.9709454392679298
128,0.13695004885499085,-0.9985143920913138,0.8510735264051829,-0.00351924324215925,0.35716005586478555,0.7474207798496509,-1.5969472742241682,-0.7992646273283606,-0.9492424335386583
129,-0.20755162683613565,1.1795735547505999,0.8510735264051829,-0.00510855807766538,0.36609266128515694,0.7626048184719119,-1.608398826887527,-0.7656311330133985,-0.9275440698067263
130,0.48145172454611757,-0.635499734284328,0.6690033900213395,-0.0068587269083195,0.37434273960606207,0.7770568829681698,-1.6235249607282878,-0.7363184515652575,-0.9058166113389408
131,-0.5520533025272623,-0.09097774757384966,0.6690033900213395,-0.008757363855379986,0.3819086089906608,0.7907854191022253,-1.6372713955859441,-0.7029128379641032,-0.8840718951914891
132,0.8259534002372441,-0.8170070631878209,0.6690033900213395,-0.010792142357888944,0.3887901500973756,0.8037971283910392,-1.6561524851143052,-0.6740872039547167,-0.8622743333879124
133,-0.5520533025272623,-0.27248507647734244,0.6690033900213395,-0.012950904748078234,0.39498869114441165,0.816096818795133,-1.6715701585092564,-0.640909485715496,-0.8404370534848458
134,0.3092008867005542,2.6316321859785425,0.6690033900213395,-0.01522176958616156,0.4005068981918955,0.8276872770434528,-1.69382707630041,-0.6125609970173336,-0.8185228571762257
135,0.48145172454611734,-0.09097774757384966,0.6690033900213395,-0.017593235200913195,0.4053486720893708,0.8385691643617923,-1.710160911054305,-0.5796109246634029,-0.7965464062672551
136,-0.035300788990572284,1.3610808836540924,0.6690033900213395,-0.020054277768946877,0.409519053001578,0.8487409371739415,-1.7352012371821113,-0.5517306133283708,-0.7744691410128218
137,-0.5520533025272621,-0.45399240538083546,0.6690033900213395,-0.022594442121842917,0.41302413337891075,0.8581987941211351,-1.7516321237121733,-0.5190086467934877,-0.7523075104161214
138,-0.5520533025272623,-0.817007063187821,0.8510735264051829,-0.025203923296965122,0.4158709806442583,0.866936650506508,-1.7786976764625597,-0.49158957903313627,-0.7300218395716709
139,0.3092008867005542,-0.4539924053808353,0.8510735264051829,-0.02787363672718737,0.4180675713181985,0.8749461410255832,-1.7944301315567435,-0.45909804664192533,-0.7076306173887963
140,-0.5520533025272623,-0.635499734284328,0.8510735264051829,-0.030595275020672715,0.41962273836387376,0.8822166514109481,-1.8226769184044824,-0.43213665715922495,-0.6850932878672406
141,-0.5520533025272623,1.5425882125575856,0.6690033900213395,-0.03336134952749531,0.42054613303426525,0.8887353794254621,-1.837025164075867,-0.39988115636465893,-0.6624306246942124
142,-0.5520533025272623,0.8165588969436145,0.6690033900213395,-0.03616521521979152,0.42084820162520425,0.894487425491061,-1.8656156048085908,-0.3733788462526051,-0.6396014053395563
143,-0.37980246468169887,-0.09097774757384966,0.6690033900213395,-0.039001077770400544,0.4205401766925143,0.8994559131086344,-1.878065287405844,-0.3413698702629402,-0.6166289203494726
144,-0.37980246468169887,0.4535442391366288,0.6690033900213395,-0.04186398214847218,0.41963408185245793,0.9036221390570981,-1.9062482784177937,-0.3153348262970503,-0.5934714706125802
145,-0.20755162683613565,-1.1800217209948065,0.6690033900213395,-0.04474978258136014,0.41814274927813416,0.906965753125833,-1.9164805097870163,-0.2835895698003091,-0.5701550795256449
146,-0.3798024646816989,0.4535442391366288,0.6690033900213395,-0.0476550942920433,0.4160798491085785,0.9094649668416879,-1.9436416762151436,-0.2580387880175944,-0.5466377324768071
147,-0.035300788990572284,-0.27248507647734255,0.6690033900213395,-0.05057722792703788,0.41345992984919233,0.9110967903260339,-1.9515201627014314,-0.2265831420534081,-0.5229483832739348
148,-0.37980246468169887,-0.4539924053808352,0.6690033900213395,-0.05351410800936396,0.41029846835804135,0.911837296078714,-1.977197548411429,-0.2015446892266267,-0.4990448308735176
149,-0.0353007889905724,2.2686175281715566,0.6690033900213395,-0.05646417709254824,0.40661192732232787,0.911661908141772,-1.9827304334911526,-0.17041544570569853,-0.4749591383191098
150,0.13695004885499096,-0.635499734284328,0.6690033900213395,-0.05942628756991032,0.4024178174585996,0.9105457147486253,-2.0066022746847167,-0.14593096526990046,-0.45064901434462484
151,0.48145172454611757,2.268617528171557,0.8510735264051829,-0.062399583308468745,0.39773476122969975,0.9084638022159585,-2.0098938447794326,-0.11517821071267723,-0.4261497941001887
152,1.1704550759283707,-0.9985143920913138,0.8510735264051829,-0.06538337338884491,0.3925825547999104,0.9053916074937526,-2.031750403033622,-0.09130566324312858,-0.4014191615780763
153,-0.379802464681699,0.9980662258471071,0.8510735264051829,-0.06837700015296264,0.3869822252226885,0.9013052864734991,-2.032955135377134,-0.060995366325944864,-0.37649587757977965
154,0.3092008867005542,-1.1800217209948065,0.8510735264051829,-0.0713797034148497,0.3809560802616767,0.8961820948931818,-2.0526660522237474,-0.03781206766755397,-0.35133764203539997
155,-0.035300788990572284,2.2686175281715566,0.8510735264051829,-0.07439048212690648,0.37452774852278686,0.8900007784844524,-2.051952177474064,-0.008028959576135586,-0.3259867973326197
156,-0.37980246468169887,2.268617528171557,0.8510735264051829,-0.07740795420588613,0.36772220761546476,0.882741968870757,-2.0694371143970915,0.014364924909860466,-0.3004010860620353
157,-0.5520533025272623,-0.09097774757384966,1.0331436627890263,-0.08043021479814408,0.36056579805664246,0.8743885816210586,-2.066961848315833,0.0435140136625344,-0.27462660839668623
158,0.3092008867005542,1.5425882125575856,1.0331436627890263,-0.08345469307063832,0.3530862209635881,0.8649262127814333,-2.082167976739023,0.06499131544605052,-0.24862117852950052
159,-0.5520533025272623,-0.817007063187821,1.0331436627890263,-0.08647800762877673,0.3453125184203658,0.854343530159756,-2.0780633317684645,0.09337345779743822,-0.22243487558896965
160,-0.5520533025272623,0.09052958132964323,1.0331436627890263,-0.08949582081808707,0.3372750364581393,0.8426326556536257,-2.0909502440109566,0.11377490628617437,-0.19602563901190012
161,-0.7243041403728254,1.1795735547505999,1.0331436627890263,-0.0925026923858937,0.32900537139597197,0.8297895350031562,-2.0853170561719487,0.1412260950901766,-0.16944782715639659
162,-0.3798024646816989,-0.9985143920913138,0.8510735264051829,-0.0954919332475512,0.3205363006290883,0.8158142915056761,-2.095848195472581,0.16035383916016752,-0.14265961514614678
163,0.3092008867005542,1.1795735547505999,0.8510735264051829,-0.09845546047598921,0.31190169894093217,0.800711560417464,-2.088755955614069,0.18667258423436417,-0.11572006826629101
164,-0.37980246468169887,0.6350515680401214,0.8510735264051829,-0.10138365511160127,0.3031364412874264,0.784490800952428,-2.0968951655490313,0.20428185414134548,-0.08858781088325195
165,-0.7243041403728254,-0.635499734284328,0.8510735264051829,-0.10426522484701516,0.29427629291086865,0.7671665829378339,-2.0883856543196906,0.22922095611314972,-0.06132723911275349
166,-0.20755162683613565,1.7240955414610784,0.8510735264051829,-0.10708707396379807,0.2853577876412919,0.7487588452902537,-2.0940974221229283,0.24500945054100967,-0.03389781072857279
167,0.48145172454611757,-0.635499734284328,0.8510735264051829,-0.10983418312202324,0.2764180953388062,0.7292931235454073,-2.0841906230655742,0.26826563098069045,-0.006370173558159299
168,-0.035300788990572284,-0.9985143920913137,0.8510735264051829,-0.11248950182985681,0.2674948795796128,0.7088007437412098,-2.087442724115036,0.2818603197127217,0.021294722730398695
169,0.48145172454611757,1.1795735547505999,0.8510735264051829,-0.11503385662329939,0.2586261468006432,0.6873189800342426,-2.0761438352313606,0.3030615335137502,0.04901860377115219
170,-0.035300788990572284,-0.8170070631878209,0.8510735264051829,-0.11744587802520867,0.24985008807282452,0.664891173534041,-2.0769112253651856,0.3140028475118657,0.07683792399920317
171,0.3092008867005542,1.9056028703645713,0.8510735264051829,-0.11970194915965256,0.24120491441671435,0.641566809969345,-2.0642178295634848,0.3326935344535849,0.10466469363075885
172,0.6537025623916809,1.1795735547505999,0.8510735264051829,-0.12177617854169204,0.23272868625222912,0.6174015539571264,-2.0624867991251157,0.34041771500012896,0.132530922762484
173,-0.37980246468169887,-0.635499734284328,0.8510735264051829,-0.12364039913789111,0.22445913747189106,0.5924572378300993,-2.048395439725479,0.3560433528497729,0.16033564995457164
174,1.3427059137739337,-1.1800217209948065,1.0331436627890263,-0.12526419533036745,0.21643349490948072,0.5668018031936946,-2.0441672148042493,0.35986557001147484,0.1881033013070653
175,0.13695004885499096,0.6350515680401216,1.0331436627890263,-0.126614958904845,0.2086882944778688,0.5405091936368694,-2.0286787848618513,0.37176020326013487,0.21571469023673023
176,-0.5520533025272623,0.27203691023313614,1.0331436627890263,-0.1276579746034754,0.20125919555749816,0.5136591973324501,-2.0219719805997354,0.37086470452346787,0.24318117785337776
177,-0.37980246468169887,-1.1800217209948065,1.0331436627890263,-0.12835653514795525,0.19418079507640548,0.486337238659183,-2.0050955511666757,0.3782495479338014,0.27035649657363225
178,-0.0353007889905724,0.6350515680401214,1.0331436627890263,-0.1286720850551505,0.18748644229119332,0.45863411847334984,-1.9959471612871076,0.3716999570472954,0.2972289869194856
179,-0.20755162683613565,-0.09097774757384966,0.8510735264051829,-0.1285643922135252,0.18120805483370522,0.43064570323945917,-1.9777021172221043,0.37370916382806324,0.32360953385350255
180,0.13695004885499096,1.7240955414610784,0.8510735264051829,-0.12799174612744418,0.17537593621108338,0.4024725638651312,-1.9661670039841985,0.3605035688452429,0.3494443979506467
181,0.8259534002372441,-0.09097774757384966,0.8510735264051829,-0.126911181826638,0.17001859466494137,0.3742195657380191,-1.9465836010409516,0.356265238196414,0.37447159053326473
182,-0.20755162683613565,0.6350515680401216,0.8510735264051829,-0.12527872847130112,0.16516256325829287,0.34599541210018514,-1.932732723954526,0.33547528025279894,0.3985562474251931
183,-0.5520533025272623,-0.9985143920913138,0.8510735264051829,-0.12304968153512977,0.16083222135941633,0.31791214350410874,-1.9118514140153542,0.32428695901963356,0.42130132412864274
184,-0.20755162683613565,2.45012485707505,0.6690033900213394,-0.12017889713653616,0.15704961817637877,0.2900845966868468,-1.8957692326162958,0.2953262051413856,0.4424035163683392
185,1.5149567516194968,1.7240955414610788,0.48693325363749596,-0.1166211067644028,0.15383429943151222,0.2626298267936192,-1.8736392041664325,0.2769564079791721,0.4611874488918575
186,-0.3798024646816989,-0.09097774757384966,0.3048631172536524,-0.11233125044085425,0.15120313867347268,0.23566649747172386,-1.855420699917735,0.23998930473775942,0.4769621200509439
187,-0.5520533025272623,-0.817007063187821,0.12279298086980898,-0.10726482620336857,0.14917017537927257,0.20931424389413555,-1.8320980205317754,0.2150734330712031,0.48839398876248696
188,0.3092008867005542,-0.817007063187821,0.12279298086980898,-0.10137825350559469,0.14774646296820027,0.1836930141954251,-1.8118456817996775,0.17145867508607265,0.4937596105262749
189,-0.20755162683613565,0.27203691023313614,-0.05927715551403444,-0.09462924776504471,0.14693993071875927,0.15892239506438993,-1.787391331074138,0.14181607103638882,0.4898477332192007
190,-0.20755162683613565,0.4535442391366288,-0.24134729189787787,-0.0869772030230618,0.14675526385986734,0.13512092732987402,-1.7652123365650754,0.09429853832392202,0.47153491601746594
191,-0.0353007889905724,-0.9985143920913139,-0.24134729189787787,-0.0783835795991089,0.14719380579216845,0.1124054173175311,-1.7396903175822356,0.06286894403517398,0.42861047165250066
192,-0.0353007889905724,-0.635499734284328,-0.24134729189787787,-0.068812293627342,0.14825348588115864,0.09089024956444372,-1.7156940442612179,0.015195356491647613,0.34074894655363586
193,-0.3798024646816989,-0.4539924053808353,-0.24134729189787787,-0.05823010538714361,0.14992877581884986,0.07068670616753706,-1.6891696764316952,-0.014582564132592492,0.161549322667936
194,-0.20755162683613565,-0.9985143920913137,-0.05927715551403424,-0.046607003378437345,0.15221067708449917,0.051902297636496314,-1.6634655892280708,-0.05860545963607273,-0.202333938017594
195,-0.5520533025272623,-0.9985143920913138,0.12279298086980919,-0.03391658116524732,0.15508674135912978,0.03464010967527215,-1.6360040432622696,-0.08371552370374831,-0.7794586836377301
196,-0.0353007889905724,-0.09097774757384966,0.12279298086980919,-0.020136404149384907,0.15854112483342792,0.018998169897803924,-1.6086999881434867,-0.12120028658741627,-1.259778857763853
197,0.3092008867005542,-0.27248507647734244,-0.05927715551403444,-0.005248363667344848,0.1625546762847582,0.005068838160855467,-1.5803650947378105,-0.13971952011703584,-1.511373866499746
198,-0.20755162683613565,0.09052958132964299,0.12279298086980898,0.010760983906581076,0.16710505770701464,-0.007061775990837092,-1.5515659911230528,-0.1691576774081327,-1.633548747738335
199,1.3427059137739337,-0.817007063187821,-0.05927715551403444,0.027900095123297216,0.17216689530348106,-0.01731436533872411,-1.5224193375032462,-0.18037123969809307,-1.6933384598932
200,0.3092008867005542,1.5425882125575856,-0.05927715551403444,0.046172136478157176,0.17771195790716435,-0.025616943036948427,-1.4922262595713565,-0.20149395127645253,-1.7206701085677765
201,-0.3798024646816989,-0.27248507647734255,-0.24134729189787787,0.06557470263166151,0.1837093593781914,-0.03190532325399383,-1.4623265863255026,-0.20559846106779844,-1.7294006885841908
202,-0.3798024646816989,-0.8170070631878207,-0.24134729189787787,0.08609955835426668,0.1901257812141924,-0.03612356098454256,-1.430836221671419,-0.2189442359640708,-1.7266406513689025
203,0.48145172454611757,1.1795735547506003,-0.24134729189787787,0.10773240715879222,0.19692571148433105,-0.03822434767006787,-1.400239116801273,-0.2166454313245798,-1.7162879582518742
204,-0.20755162683613565,0.9980662258471071,-0.24134729189787787,0.13045268985102798,0.20407169618270113,-0.03816935940542133,-1.3675435616521479,-0.2231377131395661,-1.7007031105427177
205,-0.20755162683613565,-0.9985143920913137,-0.24134729189787787,0.1542334162245426,0.21152459909641247,-0.0359295547243854,-1.336301403416718,-0.2153333738033644,-1.681337924550099
206,0.8259534002372441,0.09052958132964323,-0.24134729189787787,0.17904103296215076,0.21924386633275175,-0.03148541922635499,-1.3024882108327418,-0.21599380712638727,-1.659179289970831
207,-0.20755162683613565,2.4501248570750493,-0.24134729189787787,0.20483533062956172,0.2271877918000781,-0.024827154599935265,-1.270650281140561,-0.20358472753040482,-1.6348820822252845
208,-0.0353007889905724,1.3610808836540929,-0.22111727674411735,0.23156939251343214,0.23531378012002577,-0.015954809900361695,-1.235802675615937,-0.19937990234818423,-1.6089274214278235
209,-0.37980246468169887,1.1795735547505999,-0.19582975780191697,0.2591895879676517,0.2435786037141257,-0.004878353241714407,-1.2034153809123744,-0.18318040866328064,-1.581655154328006
210,-0.20755162683613565,-0.9985143920913138,-0.1633172334476591,0.28763561283283623,0.25193865143759053,0.00838231762929239,-1.167612578419317,-0.1749582910566958,-1.553325673813814
211,0.48145172454611757,1.5425882125575856,-0.4234174282817213,0.31684057927359255,0.2603501672141522,0.023797427106057922,-1.13471973426583,-0.15566636663452726,-1.5241363974962963
212,-0.7243041403728254,-0.4539924053808352,-0.4234174282817213,0.3467311569800135,0.26876947828593434,0.0413274367612633,-1.0980373190843093,-0.14414197954056718,-1.4942385603722528
213,0.6537025623916809,-0.09097774757384966,-0.4234174282817213,0.3772277671711,0.27715321349540845,0.0609232242364082,-1.0646804575491107,-0.122339497307987,-1.4637586902531698
214,-0.5520533025272623,-0.45399240538083546,-0.4234174282817213,0.40824483031737213,0.28545851237562236,0.08252632615932148,-1.0271907711007904,-0.1081036212395684,-1.4327885901182476
215,-0.37980246468169887,-0.635499734284328,-0.4234174282817213,0.43969106799340446,0.2936432258632026,0.10606924476090125,-0.9934094365043967,-0.0842693080742199,-1.4014169409286463
216,-0.3798024646816989,-0.09097774757384966,-0.4234174282817213,0.4714698587314591,0.30166610920997466,0.13147581726392177,-0.9551819462242384,-0.06780574116546834,-1.3697005996105345
217,0.3092008867005542,1.9056028703645713,-0.4234174282817213,0.5034796471022696,0.30948700715252464,0.15866164645663888,-0.921013956992433,-0.04233183617185131,-1.3377069693590597
218,1.3427059137739337,1.5425882125575856,-0.4234174282817213,0.5356144044649068,0.31706703075778275,0.18753459016494312,-0.8821155832276149,-0.024036074779316165,-1.3054710043291509
219,-0.5520533025272623,-0.635499734284328,-0.4234174282817213,0.5677641390013911,0.32436872494217556,0.217995306605607,-0.8475972423557735,0.0027555233760246517,-1.273047676619979
220,0.13695004885499096,1.7240955414610784,-0.4234174282817213,0.5998154519830073,0.33135622577208107,0.24993785183864098,-0.8080926265664945,0.022559260815307687,-1.2404574362542455
221,-0.7243041403728254,-0.09097774757384966,-0.4234174282817213,0.631652136783541,0.3379954072590426,0.28325032473657935,-0.7732588710807526,0.05040294967114844,-1.2077477743008656
222,-0.7243041403728254,-0.4539924053808353,-0.4234174282817213,0.663155816770201,0.3442540181082946,0.31781555405045914,-0.7332105800926835,0.07144728673329123,-1.1749290489411721
223,1.1704550759283707,-0.09097774757384966,-0.4234174282817213,0.6942066175762477,0.3501018094401884,0.3535118212742402,-0.6980950667019351,0.10012206700053353,-1.1420441301439113
224,-0.5520533025272623,-0.4539924053808352,-0.24134729189787787,0.7246838682912359,0.35551065474897925,0.39021361209044353,-0.6575637233134127,0.12218455016937957,-1.1090960202905875
225,0.3092008867005542,-0.09097774757384966,1.5793540719405568,0.7544668249629806,0.3604546632422136,0.4277923882339756,-0.6221988295411888,0.1515044193590325,-1.0761246487986151
226,0.48145172454611734,-0.09097774757384966,1.3972839355567135,0.7834354087347153,0.364910287236733,0.46611737072011705,-0.5812431386557722,0.17439777301493728,-1.0431274112683204
227,1.3427059137739337,-0.635499734284328,1.3972839355567135,0.8114709500456433,0.3688564236080657,0.5050563247518773,-0.5456598467525947,0.20420390310051892,-1.0101422876530852
228,-0.035300788990572284,-1.1800217209948065,1.3972839355567135,0.8384569295826828,0.3722745085420582,0.5444763365065065,-0.504336491319594,0.22776816514885645,-0.9771622178223919
229,4.787722670685199,-0.4539924053808353,1.3972839355567135,0.8642797061158176,0.3751486040402824,0.5842445724914954,-0.468564142490037,0.25792266008040454,-0.9442238169902705
230,3.581966805766257,5.172734790627441,1.3972839355567135,0.8888292211377851,0.37746547371654876,0.624229013085542,-0.42692755269296995,0.2820190009566393,-0.9113163560860809
231,2.031709265156187,-0.45399240538083546,1.3972839355567135,0.9119996706428157,0.37921464449595516,0.6642991529712011,-0.3909934938954468,0.3124001089254546,-0.878475433075897
232,-0.37980246468169887,-1.1800217209948065,1.3972839355567135,0.9336901356999963,0.3803884503417031,0.7043266622550727,-0.3490955341242382,0.33690619947799294,-0.8456872127307937
233,1.8594584273106236,1.7240955414610788,1.3972839355567135,0.9538051655803442,0.3809820544679965,0.7441860031102323,-0.313024727704833,0.3674048835633114,-0.8129864836612892
234,1.8594584273106236,1.7240955414610788,1.3972839355567135,0.972255309359235,0.38099344735555596,0.7837549977610585,-0.2709143934765305,0.39221166382364137,-0.7803567250603102
235,1.3427059137739337,1.1795735547505999,1.3972839355567135,0.988957593410404,0.3804234186227605,0.8229153445635028,-0.23472909060192626,0.4227293615298229,-0.7478320397663546
236,0.48145172454611757,0.09052958132964348,1.3972839355567135,1.003835942996447,0.3792755013042817,0.8615530798142167,-0.19245230456141713,0.4477389668113283,-0.7153935481998589
237,8.577241103287593,0.27203691023313586,1.3972839355567135,1.0168215467185169,0.377555887726189,0.899558983750018,-0.1561718434256166,0.478186292150957,-0.6830747387626138
238,-0.20755162683613565,2.087110199268064,1.3972839355567135,1.0278531633641625,0.3752733170359602,0.9368289299753284,-0.11377138248228508,0.5033108744155428,-0.6508546359581685
239,2.0317092651561866,0.4535442391366288,1.3972839355567135,1.0368773720434905,0.3724389352581762,0.9732641782799679,-0.07741212780322843,0.5336070343466063,-0.6187661520988019
240,-0.5520533025272621,1.5425882125575856,1.2152137991728698,1.043848768601605,0.3690661293794926,1.0087716114828067,-0.03492770374328136,0.5587682481263552,-0.5867864338208473
241,-0.37980246468169887,0.09052958132964299,1.2152137991728698,1.048730113666494,0.3651703376146141,1.0432639175525105,0.0014968296304515957,0.5888409673714678,-0.5549478346159098
242,0.8259534002372441,0.27203691023313614,1.2152137991728698,1.0514924393584522,0.36076883881008565,1.076659718797223,0.044028270513423416,0.6139699140835846,-0.5232258090679243
243,-0.035300788990572284,0.6350515680401214,1.2152137991728698,1.0521151220723124,0.35588052477858295,1.1088836503553876,0.0805070362623285,0.6437556831061944,-0.4916521552373696
244,-0.3798024646816989,-0.635499734284328,1.2152137991728698,1.0505859280845975,0.35052565999790525,1.1398663905481203,0.12305073714489566,0.6687931213071288,-0.46020079724346075
245,-0.7243041403728254,-0.635499734284328,1.2152137991728698,1.0469010376001364,0.3447256334391615,1.1695446458840608,0.15957449865101747,0.698237581812508,-0.4289029711832596
246,-0.3798024646816989,0.27203691023313614,1.3972839355567135,1.0410650515600808,0.3385027072971533,1.1978610936689975,0.20209706313362022,0.7231342142475579,-0.3977312132049437
247,-0.37980246468169887,-0.817007063187821,1.3972839355567135,1.0330909840724842,0.3318797670870756,1.2247642852916283,0.23865751650244743,0.7521925183407248,-0.366716183519107
248,-0.7243041403728254,0.4535442391366288,1.3972839355567135,1.0230002416119113,0.32488007698144594,1.2502085133604517,0.2811259071538667,0.776909218751186,-0.3358291580083164
249,-0.20755162683613565,0.4535442391366288,1.3972839355567135,1.0108225882156956,0.31752704352179595,1.2741536459838594,0.3177146808301893,0.805546273106462,-0.305100202572032
250,-0.20755162683613565,0.8165588969436143,1.3972839355567135,0.9965960939109353,0.3098439901392361,1.296564931630893,0.36009514931341086,0.830054205675366,-0.27449945069465936
251,0.8259534002372441,-0.8170070631878207,1.3972839355567135,0.9803670616347488,0.3018539444175671,1.3174127781725926,0.39670279569931527,0.8582447985049334,-0.24405635513321305
252,3.409715967920693,-0.4539924053808352,1.3972839355567135,0.9621899260662409,0.29357943979610723,1.3366725098591088,0.43895986844713686,0.8825254518774166,-0.21374002084729404
253,0.13695004885499096,-0.817007063187821,1.3972839355567135,0.9421271162979276,0.28504233331132345,1.3543241061190034,0.4755749804833373,0.9102542951016613,-0.18357927306950972
254,6.165729373449706,1.7240955414610788,1.3972839355567135,0.9202488734691693,0.2762636407418481,1.3703519261699053,0.51767063472188,0.9342994512352775,-0.1535423040737659
255,8.060488589750902,0.27203691023313586,1.3972839355567135,0.8966330146628596,0.26726339001003396,1.3847444235050197,0.5542792192810752,0.9615611420671265,-0.12365730642898645
256,-0.035300788990572284,-0.635499734284328,1.3972839355567135,0.871364635777966,0.25806049310864226,1.3974938543699986,0.5961723629653591,0.9853727708472749,-0.09389168306768805
257,-0.0353007889905724,-0.09097774757384966,1.2152137991728698,0.8445357489211782,0.24867263648960267,1.408595984370541,0.632757553374126,1.0121716678228867,-0.06427300242648759
258,-0.20755162683613565,0.9980662258471071,1.3972839355567135,0.8162448537413374,0.23911618980786903,1.4180497973493238,0.6744038395601002,1.0357617527464162,-0.03476801391850508
259,2.72071261653844,0.27203691023313586,1.2152137991728698,0.786596445776917,0.22940613290276196,1.4258572106305083,0.7109459153086538,1.0621117797026491,-0.005403687904659028
260,3.7542176436118195,1.1795735547505999,1.0331436627890263,0.7557004670460412,0.21955600079706752,1.4320228006382916,0.7522977944754144,1.0855020814874785,0.023853727354050558
261,-0.7243041403728254,-0.09097774757384966,1.0331436627890263,0.723671704867407,0.20957784647249109,1.4365535427428016,0.7887743689049778,1.111426453125289,0.05297781326041235
262,2.3762109408473133,-0.09097774757384966,1.0331436627890263,0.6906291454015661,0.19948222141171204,1.439458568955482,0.8297812319080115,1.1346481896190874,0.08200265132386482
263,-0.5520533025272621,-0.45399240538083496,1.0331436627890263,0.6566952893883166,0.1892781743040592,1.4407489467629497,0.8661674835019375,1.1601790242464962,0.1109023073471302
264,-0.5520533025272621,0.27203691023313614,1.0331436627890263,0.621995438767834,0.17897326864663518,1.4404374819477992,0.9067758017490375,1.1832724122654785,0.13971100216401075
265,-0.7243041403728254,-0.4539924053808352,1.0331436627890263,0.5866569636975636,0.16857362004162918,1.438538547726269,0.9430446736716995,1.2084501526011926,0.16840319939140846
266,-0.5520533025272623,0.4535442391366288,1.0331436627890263,0.5508085595900982,0.15808395378812937,1.4350679419775256,0.9831980616214706,1.2314637061038536,0.19701305229413618
267,-0.035300788990572284,-0.8170070631878207,1.0331436627890263,0.5145795031916107,0.14750768303310086,1.43004277377402,1.0193203500854153,1.2563362325874519,0.22551532056023388
268,0.48145172454611757,0.4535442391366288,1.0331436627890263,0.4780989155837454,0.13684700741117112,1.4234813798565311,1.0589594737729024,1.2793257070335449,0.25394387088151005
269,-0.37980246468169887,-0.09097774757384966,1.0331436627890263,0.4414950386633388,0.12610303179832102,1.4154032711341418,1.0949037457481592,1.3039470591812516,0.2822736473257457
270,0.8259534002372441,-0.635499734284328,1.0331436627890263,0.40489453047464996,0.11527590451290257,1.405829108730575,1.1339660446992743,1.3269739845618185,0.3105380040727319
271,-0.7243041403728254,-0.635499734284328,1.0331436627890263,0.3684217838987382,0.10436497401217955,1.3947807085460835,1.1696983818562185,1.3514026637986702,0.3387119537614077
272,1.3427059137739337,-0.9985143920913138,1.0331436627890263,0.33219827260736035,0.09336896282033261,1.3822810727604737,1.2081176253194588,1.3745324610215257,0.36682811094545387
273,-0.20755162683613565,-0.27248507647734244,1.0331436627890263,0.29634192775994234,0.08228615697831711,1.3683544461698196,1.2436012296130547,1.3988293330661803,0.394861443267457
274,0.3092008867005542,1.1795735547505999,1.2152137991728698,0.2609665486139873,0.07111460864230251,1.3530263947299215,1.2813069464161329,1.4221290498595582,0.4228436036682472
275,-0.5520533025272623,-0.635499734284328,1.2152137991728698,0.22618125003686207,0.059852348669084135,1.3363239031820524,1.3165016438301151,1.4463549107403955,0.4507494103175642
276,0.3092008867005542,-1.1800217209948065,1.2152137991728698,0.19208994980742805,0.04849760536870573,1.3182754881816603,1.353418455233619,1.4698906737008952,0.4786093444109797
277,-0.3798024646816989,0.6350515680401214,1.3972839355567135,0.15879089845942013,0.037049025236250886,1.298911322967459,1.3882801177209725,1.4941036210943566,0.5063979863066583
278,-0.035300788990572284,1.7240955414610784,1.3972839355567135,0.1263762541574135,0.025505891277023005,1.2782633693182688,1.4243269830862049,1.5179379872216296,0.534144453739772
279,-0.3798024646816989,-0.45399240538083546,1.5793540719405568,0.09493170473468314,0.013868334348955891,1.256365512356397,1.4588068673519186,1.542190812987035,0.5618230234267996
280,-0.20755162683613565,0.9980662258471071,1.5793540719405568,0.06453613862664928,0.002137532886376685,1.2332536936776088,1.4938962344242808,1.5663802522460508,0.5894612817092714
281,-0.7243041403728254,0.9980662258471071,1.5793540719405568,0.03526136602501788,-0.009684103317075494,1.2089660383336702,1.5279402224983398,1.5907180902797775,0.6170331630256831
282,-0.37980246468169887,-0.09097774757384966,1.5793540719405568,0.0071718911346476235,-0.021592768914429055,1.1835429713722758,1.5619770680544987,1.6153108285033102,0.6445645814154375
283,-0.3798024646816989,-0.2724850764773423,1.5793540719405568,-0.0196752640902334,-0.03358312122727847,1.1570273199385135,1.5955247909093808,1.6397692657617498,0.6720291197651131
284,-0.3798024646816989,-0.09097774757384966,1.5793540719405568,-0.0452306849300328,-0.04564816291334593,1.1294643973316356,1.628405538673257,1.6648036597305953,0.6994509063692015
285,-0.20755162683613565,0.8165588969436145,1.3972839355567135,-0.06945263841661467,-0.057779150465521886,1.100902065858638,1.6613893653908038,1.6894074225497495,0.7268031919800142
286,0.3092008867005542,-0.635499734284328,1.3972839355567135,-0.09230709877431491,-0.06996552953175611,1.0713907758072945,1.6930006780491338,1.7149109186160034,0.7541082310131215
287,-0.5520533025272623,0.8165588969436145,1.3972839355567135,-0.11376772564831428,-0.08219489783265142,1.0409835783519996,1.7253445665306042,1.739673124064313,0.7813389874228241
288,-0.20755162683613565,0.8165588969436145,1.3972839355567135,-0.13381579730218462,-0.09445299624948673,1.0097361106802663,1.7555620357901671,1.765661751391578,0.8085157752688258
289,-0.5520533025272623,-0.4539924053808352,1.3972839355567135,-0.15244010114254586,-0.10672372834293588,0.9777065520742371,1.7871802692892393,1.7905836498950025,0.8356113393784366
290,-0.20755162683613565,0.4535442391366288,1.3972839355567135,-0.16963678404828042,-0.1189892081120225,0.9449555501144176,1.815867067228359,1.8170619710969698,0.8626440048017285
291,-0.20755162683613565,-0.635499734284328,1.3972839355567135,-0.18540916514565858,-0.13122983524553122,0.911546116619431,1.8466629329309279,1.8421331013035438,0.8895863839589752
292,-0.5520533025272621,-0.635499734284328,1.3972839355567135,-0.19976751390213232,-0.14342439657732328,0.8775434934157513,1.8736685307045404,1.8690945410410125,0.9164547786501257
293,0.9982042380828073,-1.1800217209948065,1.2152137991728698,-0.21272879665210614,-0.15555019210166984,0.843014988551723,1.903533032997538,1.8942932061409432,0.9432217715804575
294,0.13695004885499096,0.9980662258471071,1.0331436627890263,-0.22431639483454216,-0.16758318384493848,0.8080297841251345,1.9286921565610156,1.9217206529117266,0.9699016177749643
295,-0.5520533025272623,0.9980662258471071,0.8510735264051829,-0.2345597982236857,-0.17949816610898578,0.7726587174578156,1.957502926633472,1.9470145991403591,0.9964669849858675
296,0.3092008867005542,0.8165588969436143,0.8510735264051829,-0.24349427620505687,-0.19126895588392664,0.736974037873482,1.9806350327326578,1.9748811604860559,1.022930063701865
297,0.48145172454611757,-0.635499734284328,0.8510735264051829,-0.25116052974233377,-0.20286860220412697,0.7010491417590037,2.008255713819692,2.000228357279255,1.0492637283208093
298,-0.5520533025272623,0.09052958132964323,0.6690033900213395,-0.2576043262430038,-0.21426961267679917,0.6649582888878826,2.0291654299270028,2.0284982071305495,1.0754780868798524
299,-0.7243041403728254,0.09052958132964299,0.6690033900213395,-0.2628761191369452,-0.225444194540792,0.6287763031781544,2.0554459640942078,2.0538477150840704,1.101546343439452
300,-0.7243041403728254,-0.817007063187821,0.486933253637496,-0.267030653633249,-0.23636450681830184,0.5925782611839567,2.073925115622805,2.0824770532907078,1.1274765002654894
301,-0.7243041403728254,-0.635499734284328,0.3048631172536525,-0.2701265599006261,-0.247002919627547,0.5564391716987508,2.0987035138495767,2.107770007512249,1.1532422113420115
302,-0.20755162683613565,-0.2724850764773423,0.3048631172536525,-0.27222593496629915,-0.25733227650780466,0.5204336498666778,2.114535549096171,2.136708139635631,1.1788493405930227
303,-0.035300788990572284,-0.9985143920913139,0.3048631172536525,-0.27339391495155074,-0.2673261556083187,0.484635589132569,2.1376418906066137,2.1618788253204024,1.2042721065946302
304,0.3092008867005542,-0.09097774757384966,0.3048631172536525,-0.2736982396834357,-0.2769591257817899,0.44911783419855134,2.15060969731347,2.1910693124635303,1.2295141906593545
305,-0.3798024646816989,-0.817007063187821,0.3048631172536525,-0.2732088120215676,-0.2862069939383696,0.4139518579146546,2.1718732744901788,2.2160462676170676,1.2545504839219166
306,-0.5520533025272623,-0.4539924053808352,0.3048631172536525,-0.2719972542919089,-0.2950470403681183,0.37920744475801105,2.1817715380938827,2.2454280798132573,1.27938242896206
307,0.13695004885499096,-0.27248507647734255,0.3048631172536525,-0.2701364640645524,-0.303458239074145,0.3449523832957488,2.2010322108541014,2.2701351685201927,1.3039856923465765
308,-0.7243041403728254,-0.9985143920913138,0.3048631172536525,-0.26770017130833634,-0.3114214604606565,0.3112521698054184,2.207685472086062,2.2996438018519734,1.3283594126391765
309,-0.5520533025272623,-0.09097774757384966,0.3048631172536525,-0.26476249883921854,-0.31891965399321703,0.2781697250507831,2.224810245928034,2.3240012393466856,1.3524801336660213
310,-0.5520533025272623,-0.635499734284328,0.12279298086980908,-0.26139752798446164,-0.3259380087034534,0.24576512607949957,2.2280973809721645,2.3535697968044573,1.3763446200573897
311,-0.37980246468169887,-0.817007063187821,0.12279298086980908,-0.2576788715002062,-0.3324640896571294,0.2140953548154234,2.243002687831039,2.377495143309556,1.39993039873023
312,-0.37980246468169887,-0.817007063187821,-0.05927715551403439,-0.2536792560049065,-0.338487948747274,0.1832140651416026,2.2428873334645143,2.4070554066021552,1.4232317907184502
313,-0.035300788990572284,-0.817007063187821,-0.05927715551403439,-0.24947011649061862,-0.3440022084349568,0.15317137007691173,2.2555662235602236,2.4304645646544287,1.446227420586526
314,2.0317092651561866,-0.27248507647734255,-0.05927715551403439,-0.2451212057505231,-0.34900211739131,0.12401365050700562,2.2521305056314316,2.4599480921106087,1.4689091007081794
315,-0.37980246468169887,-0.817007063187821,-0.05927715551403439,-0.24070022166514424,-0.3534855774176021,0.09578338672477159,2.2626818509838826,2.4827563406028834,1.4912566806898944
316,-0.035300788990572284,-0.4539924053808352,-0.05927715551403439,-0.2362724550474041,-0.35745314147466006,0.06851901377880731,2.256157793801641,2.5120956170119335,1.513259408177953
317,-0.7243041403728254,-1.1800217209948065,-0.05927715551403439,-0.23190046010152773,-0.3609079830544371,0.04225480135136707,2.264811946148109,2.534218702209635,1.5348985028534259
318,-0.5520533025272621,-0.4539924053808352,-0.05927715551403439,-0.22764374873332827,-0.3638558374664044,0.017020758621312436,2.2556019587255838,2.563348355049746,1.556160606683272
319,-0.20755162683613565,-1.1800217209948065,-0.05927715551403439,-0.22355850935106983,-0.36630491595940917,-0.007157435668688421,2.2627349995734853,2.5847036512628407,1.577028478963984
320,-0.37980246468169887,-0.09097774757384966,-0.05927715551403439,-0.2196973506223934,-0.3682657940189093,-0.030258477922858275,2.251411446938458,2.6135617403157916,1.5974861387785622
321,-0.5520533025272623,-0.9985143920913137,-0.05927715551403439,-0.21610907080267502,-0.3697512756623199,-0.05226545932991193,2.257539749174066,2.6340694792045656,1.617518088015541
322,-0.37980246468169887,-0.09097774757384966,-0.05927715551403439,-0.21283845351275182,-0.37077623603414833,-0.07316586071025123,2.2448158677656695,2.6625988440788233,1.6371057400480222
323,-0.20755162683613565,-0.8170070631878209,-0.24134729189787787,-0.20992609110208393,-0.3713574450064414,-0.09295152295827049,2.250565861140646,2.6821833844371685,1.6562355858292102
324,-0.035300788990572284,-0.27248507647734244,-0.24134729189787787,-0.20740823697797414,-0.37151337478960367,-0.11161859354522083,2.2372373311878104,2.710333011037297,1.6748864961530512
325,-0.0353007889905724,-0.635499734284328,-0.24134729189787787,-0.2053166885076596,-0.3712639947703582,-0.12916744962527688,2.2432924052846794,2.7289241062133023,1.693047250889085
326,1.3427059137739337,-0.9985143920913138,-0.24134729189787787,-0.20367870224640405,-0.37063055695543573,-0.14560259838956446,2.2301589328844837,2.756650467000611,1.7106942985251368
327,-0.20755162683613565,1.5425882125575856,-0.24134729189787787,-0.20251694321504837,-0.36963537554754083,-0.16093255545451285,2.2371937116351805,2.7741844844272503,1.7278190694476212
328,-0.5520533025272623,-0.4539924053808352,-0.24134729189787787,-0.20184946966283546,-0.3683016043045464,-0.17516970224034883,2.224978107423005,2.801452804425298,1.7443957771905196
329,2.8929634543840033,1.1795735547505999,-0.24134729189787787,-0.20168975420869914,-0.3666530153157277,-0.18833012346811123,2.2335954501498803,2.817873849386584,1.7604189324485313
330,-0.5520533025272623,-0.8170070631878207,-0.24134729189787787,-0.20204674155696112,-0.3647137824933751,-0.20043342606197234,2.2228790542584385,2.8446592563818704,1.7758607768781864
331,-0.5520533025272623,-0.09097774757384966,-0.24134729189787787,-0.20292494218579968,-0.3625082723855964,-0.21150254088280318,2.2335639520550843,2.859920177491502,1.7907194036111123
332,0.3092008867005542,-0.635499734284328,-0.24134729189787787,-0.2043245604808387,-0.3600608440666789,-0.22156350883931142,2.2247508536653244,2.886208742976662,1.8049654276000728
333,-0.20755162683613565,-0.9985143920913137,-0.24134729189787787,-0.20624165484533685,-0.35739565914658783,-0.23064525302612615,2.237848646618164,2.9002720534403266,1.8186010989123627
334,-0.7243041403728254,-1.1800217209948065,-0.24134729189787787,-0.20866832663126936,-0.35453650254711244,-0.23877933862528955,2.2311607970504044,2.9260617680132177,1.8315958347971477
335,-0.5520533025272623,1.3610808836540924,-0.24134729189787787,-0.21159293441210583,-0.3515066146518402,-0.24599972238009787,2.2468788296853326,2.938900501848207,1.8439566822860873
336,-0.5520533025272623,-1.1800217209948065,-0.24134729189787787,-0.2150003300548917,-0.34832853565662497,-0.2523424935094375,2.2423753387904393,2.9642021567337977,1.8556523678628034
337,-0.0353007889905724,0.27203691023313586,-0.24134729189787787,-0.21887211316684346,-0.3450239632102937,-0.25784560797797074,2.260801334969715,2.9758005592225074,1.866695424335009
338,0.13695004885499096,-0.8170070631878207,-0.24134729189787787,-0.22318690076283887,-0.34161362451085736,-0.2625486180739854,2.2584112852315443,3.0006383830847945,1.8770544556793325
339,-0.20755162683613565,-1.1800217209948065,-0.24134729189787787,-0.22792060931357383,-0.3381171638798746,-0.2664923992736308,2.2795399853112004,3.010992236053378,1.8867481885904986
340,-0.7243041403728254,-0.09097774757384966,-0.24134729189787787,-0.23304674652796517,-0.334553046673959,-0.26971887638877184,2.27909884455069,3.035404093918952,1.89574570409395
341,-0.37980246468169887,0.8165588969436145,-0.24134729189787787,-0.23853671024474316,-0.3309384804019896,-0.27227075100691195,2.302859882786817,3.044520474692689,1.9040726061064626
342,-0.5520533025272623,1.7240955414610784,-0.24134729189787787,-0.2443600917689908,-0.3272893540724527,-0.27419123223660463,2.304142814393305,3.0685574619681812,1.9116990388122612
343,-0.035300788990572284,-0.4539924053808352,-0.24134729189787787,-0.25048498104673106,-0.32362019681208654,-0.275523772771503,2.330425506549772,3.0764537607930413,1.9186580834795888
344,-0.37980246468169887,-0.635499734284328,-0.05927715551403439,-0.2568782712665309,-0.3199441563396957,-0.2763118122806827,2.333174329143415,3.100179068390373,1.92492146193976
345,-0.0353007889905724,-0.817007063187821,-0.05927715551403439,-0.2635059607180227,-0.31627299693653016,-0.27659853011646063,2.361847498516968,3.10688117288336,1.9305301805966528
346,-0.5520533025272623,-1.1800217209948065,-0.05927715551403439,-0.2703334499103321,-0.31261711555534516,-0.2764266092857188,2.365790574824967,3.1303682513538478,1.9354579153356959
347,-0.5520533025272623,-0.09097774757384966,-0.05927715551403439,-0.2773258320263754,-0.30898557415251027,-0.27583801353130677,2.3967172127981975,3.135908004770272,1.9397538212015413
348,-0.20755162683613565,0.8165588969436143,-0.05927715551403439,-0.28444817481551127,-0.3053861463485027,-0.27487377920403583,2.4015829947311893,-3.123947071029531,1.943393700711756
349,-0.3798024646816989,-0.09097774757384966,-0.05927715551403439,-0.2916657920865007,-0.3018253768521159,-0.2735738233868713,2.4346304502113765,-3.119534931277707,1.9464347927736307
350,0.13695004885499096,0.09052958132964323,-0.05927715551403439,-0.29894450308410053,-0.298308652304664,-0.27197676948797994,2.4401559975226625,-3.0962748433329987,1.9488549405314148
351,-0.7243041403728254,-1.1800217209948065,-0.05927715551403439,-0.3062508781643159,-0.29484028205198426,-0.27011979126757374,2.475202703494502,-3.0929561102211593,1.9507190685313147
352,-0.7243041403728254,-1.1800217209948065,-0.05927715551403439,-0.31355246925434194,-0.29142358691621284,-0.268038476012058,2.481138543611113,-3.069676848166941,1.952006682559874
353,-0.20755162683613565,-1.1800217209948065,-0.05927715551403439,-0.3208180235996153,-0.2880609936632154,-0.2657667073192155,2.5180782718857224,-3.067421439748138,1.952789645882453
354,-0.7243041403728254,0.9980662258471071,-0.05927715551403439,-0.32801767935329684,-0.2847541328670823,-0.2633365677104378,2.5241907777517003,-3.044033613570662,1.953048455260139
355,-0.37980246468169887,-0.45399240538083546,-0.05927715551403439,-0.33512314172373125,-0.2815039382937745,-0.2607782610406897,2.5629352577066196,-3.0428190830674544,1.9528608410101134
356,-0.5520533025272623,-0.9985143920913137,-0.05927715551403439,-0.3421078386372972,-0.2783107464724894,-0.25812005443426345,2.5690074483076675,-3.019235352113196,1.9522073621839913
357,-0.7243041403728254,0.27203691023313586,-0.05927715551403439,-0.34894705513120367,-0.2751743954521265,-0.2553882392346979,2.6094879802372946,-3.0190501533086556,1.9511702859499092
358,-0.37980246468169887,-0.8170070631878207,-0.24134729189787787,-0.35561804593937535,-0.27209432179065285,-0.25260711022164983,2.615319379753981,-2.9951867949261732,1.949729122113416
359,-0.5520533025272623,-0.635499734284328,-0.24134729189787787,-0.36210012598978275,-0.2690696547996075,-0.24979896212273678,2.657487889574793,-2.996033241204736,1.947969188399654
360,-0.7243041403728254,0.9980662258471071,-0.24134729189787787,-0.3683747388015335,-0.26609930712021773,-0.24698410225327405,2.6628938735322385,-2.9718110623845693,1.9458677526791999
361,-0.5520533025272623,-0.4539924053808352,-0.24134729189787787,-0.37442550304342936,-0.263182060812617,-0.24418087797771815,2.706723720030473,-2.9737079204867047,1.9435116645309165
362,-0.37980246468169887,-1.1800217209948065,-0.24134729189787787,-0.3802382377856434,-0.26031664817780653,-0.24140571761666718,2.7115346271078384,-2.9490523955577252,1.9408747885036086
363,-0.3798024646816989,-1.1800217209948065,-0.24134729189787787,-0.38580096724823937,-0.25750182643789665,-0.2386731834094013,2.7570213750863877,-2.952037076241526,1.9380440807251307
364,-0.37980246468169887,-0.27248507647734255,-0.24134729189787787,-0.39110390610966034,-0.254736445295038,-0.23599603515796563,2.7610815587886286,-2.926877604443075,1.9349889782571734
365,-0.5520533025272623,0.9980662258471071,-0.24134729189787787,-0.39613942664018054,-0.25201950651772426,-0.23338530320597328,2.808243867324737,-2.931007951060334,1.9317953226582858
366,-0.5520533025272623,-0.4539924053808353,-0.24134729189787787,-0.40090200904515877,-0.24935021510207733,-0.2308503694370535,2.811410797012113,-2.9052761459089362,1.9284273216921473
367,-0.20755162683613565,-0.635499734284328,-0.24134729189787787,-0.40538817647207626,-0.2467280219247674,-0.22839905501319258,2.8602915395641,-2.9106319110865972,1.924968767227681
368,-0.3798024646816989,-0.635499734284328,-0.24134729189787787,-0.4095964162028293,-0.24415265785682755,-0.22603771361205105,2.8624350274071113,-2.8842589054369783,1.9213781117068514
369,-0.3798024646816989,-0.4539924053808352,-0.24134729189787787,-0.41352708862512555,-0.24162415912585428,-0.22377132896459773,2.913102748474582,-2.8909431368430387,1.917736491801319
370,-0.035300788990572284,-0.635499734284328,-0.24134729189787787,-0.4171823256154961,-0.23914288361141256,-0.22160361553998442,2.9141043585327893,-2.8638559033972135,1.9139963711144357
371,-0.37980246468169887,-0.9985143920913137,-0.24134729189787787,-0.4205659199372113,-0.23670951790560052,-0.21953712127338781,2.966655167398035,-2.871996516713163,1.910235958722886
372,-0.7243041403728254,0.09052958132964323,-0.24134729189787787,-0.4236832071578521,-0.2343250753088179,-0.21757333128444606,2.9664078526289512,-2.844113152155364,1.9064017704994547
373,0.13695004885499096,-0.09097774757384966,-0.24134729189787787,-0.4265409414486248,-0.23199088534685258,-0.21571277158880037,3.0209678680500653,-2.853865096155047,1.902569117067516
374,-0.20755162683613565,0.6350515680401216,-0.24134729189787787,-0.42914716648178985,-0.22970857579420323,-0.21395511186298044,3.0193758868125737,-2.8250890430255025,1.8986788374895498
375,-0.5520533025272623,-0.09097774757384966,-0.24134729189787787,-0.4315110825136547,-0.22748004843472608,-0.21229926638332225,3.076104375880929,-2.836637725457302,1.8948036175398668
376,-0.5520533025272623,0.09052958132964323,-0.24134729189787787,-0.43364291059780596,-0.22530744974791939,-0.2107434923226369,3.0730835476544875,-2.8068509048204096,1.8908790589072728
377,-0.5520533025272623,-0.635499734284328,-0.24134729189787787,-0.4355537547001448,-0.22319313737177843,-0.20928548465383195,3.1321769397672443,-2.8204178212942255,1.8869756690040718
378,-0.5520533025272623,-0.9985143920913139,-0.24134729189787787,-0.4372554623479276,-0.22113964272346437,-0.2079224669774819,3.1276553070199324,-2.789472468702984,1.8830243527908965
379,-0.20755162683613565,-1.1800217209948065,-0.24134729189787787,-0.43876048441588045,-0.21914962979585478,-0.20665127766032088,-3.0938329851040978,-2.8053242701601473,1.879093982387994
380,-0.7243041403728254,-0.45399240538083546,-0.24134729189787787,-0.4400817347241165,-0.21722585009379758,-0.2054684507436612,-3.0999140122936644,-2.7730329420000723,1.8751113431140616
381,-0.5520533025272623,1.1795735547506003,-0.24134729189787787,-0.44123245022182134,-0.2153710939994214,-0.2043702911546887,-3.035325791431422,-2.7914957929447333,1.871144237239721
382,-0.20755162683613565,-0.09097774757384966,-0.24134729189787787,-0.4422260526099414,-0.21358813941084362,-0.203352943829337,-3.0430097174283617,-2.7576187079045567,1.8671158875062868
383,-0.7243041403728254,1.1795735547506003,-0.24134729189787787,-0.4430760123236432,-0.2118796989283785,-0.20241245643286804,-2.9751853316083716,-2.779101142348648,1.8630935449697856
384,-0.7243041403728254,-0.635499734284328,-0.24134729189787787,-0.4437957158699412,-0.2102483668364542,-0.20154483544327279,-2.984498142997976,-2.7433296434947687,1.8589973617333952
385,-0.7243041403728254,-0.635499734284328,-0.24134729189787787,-0.4443983376013879,-0.20869656661141928,-0.20074609544304745,-2.9130239807932554,-2.7683595130873586,1.8548944438402102
386,-0.5520533025272623,-0.9985143920913137,-0.24134729189787787,-0.4448967171254276,-0.20722649895883946,-0.20001230154667837,-2.9239707529973282,-2.7302934795609235,1.8507022668291693
387,-0.7243041403728254,-0.9985143920913137,-0.24134729189787787,-0.44530324374186225,-0.20584008984151592,-0.19933960497419828,-2.8483490876291917,-2.7595787732960027,1.8464880164073092
388,-0.37980246468169887,-0.8170070631878207,-0.24134729189787787,-0.4456297495680319,-0.20453893786994815,-0.19872427186534602,-2.860909212105639,-2.718693842044698,1.8421667672801256
389,1.6872075894650604,-0.8170070631878209,-0.24134729189787787,-0.4458874132873966,-0.20332426082007102,-0.19816270551409249,-2.7805359799389864,-2.753225715249117,1.8378057395101133
390,-0.7243041403728254,-0.4539924053808352,-0.24134729189787787,-0.44608667661749885,-0.20219684175634306,-0.1976514622894947,-2.7946563143751915,-2.7088226972127103,1.8333177560456937
391,-0.5520533025272623,-0.27248507647734255,-0.24134729189787787,-0.44623717546963876,-0.20115697605784702,-0.19718726159592953,-2.708787230057426,-2.7500580137749737,1.828769614178189
392,-0.20755162683613565,0.27203691023313586,-0.24134729189787787,-0.4463476872925104,-0.2002044214001036,-0.19676699031366363,-2.7243719821265953,-2.7011799329723685,1.8240719129092025
393,0.3092008867005542,-0.635499734284328,-0.24134729189787787,-0.44642609543891937,-0.19933835331623803,-0.19638770224936408,-2.6320669871043507,-2.7513849528285395,1.8192898853412875
394,-0.3798024646816989,0.9980662258471071,-0.24134729189787787,-0.44647937085376826,-0.19855732927694347,-0.19604661321547995,-2.6489622761663356,-2.696671214838183,1.8143318389440564
395,0.13695004885499096,-0.4539924053808352,-0.24134729189787787,-0.44651357101392664,-0.19785926428270692,-0.19574109244736482,-2.548986293286232,-2.759622133841493,1.8092590197780503
396,-0.37980246468169887,0.09052958132964299,-0.05927715551403439,-0.44653385570147053,-0.19724142079868084,-0.19546865115657208,-2.566955842432734,-2.697029943484095,1.8039773501271918
397,-0.3798024646816989,-0.817007063187821,-0.05927715551403439,-0.44654451876637463,-0.19670041555040407,-0.19522692910133033,-2.457582150705361,-2.779601083872786,1.7985389093918107
398,0.13695004885499096,4.0836908172064845,-0.05927715551403439,-0.44654903458712303,-0.19623224532490513,-0.1950136801120257,-2.476267637621968,-2.7058169670086643,1.792847306388269
399,-0.7243041403728254,0.8165588969436143,-0.05927715551403439,-0.4465501175449371,-0.19583233349764986,-0.1948267575143222,-2.354833096986207,-2.822153981409998,1.7869332940028064
400,-0.5520533025272623,-0.09097774757384966,-0.05927715551403439,-0.4465497925080241,-0.19549559829885996,-0.1946641003321946,-2.3736855745127743,-2.731185457949524,1.780699023554027
401,-0.0353007889905724,1.7240955414610784,-0.05927715551403439,-0.446549474068467,-0.19521654253022291,-0.1945237210406937,-2.235379103826004,-2.916269321327385,1.7741197414764838
402,-0.7243041403728254,-0.4539924053808352,-0.05927715551403439,-0.44655005209674525,-0.19498936261949523,-0.19440369549988373,-2.2535256009608347,-2.795532403564976,1.7671003331650752
403,0.13695004885499096,-1.1800217209948065,-0.05927715551403439,-0.44655198108094085,-0.19480807305138334,-0.19430215555577063,-2.086939219518848,3.118004664321561,1.7594261404200673
404,-0.7243041403728254,0.09052958132964323,-0.05927715551403439,-0.446555370653397,-0.1946666407750136,-0.1942172846477,-2.1028478083639657,-2.984628475286806,1.7510282644760768
405,-0.7243041403728254,-0.635499734284328,-0.05927715551403439,-0.44656007462028713,-0.19455912331516298,-0.19414731661555212,-1.8592147780996533,2.2664952942588297,1.740225925288199
