trial_index,pfc_mag_org,dms_mag_org, pfc_mag_standardized,dms_mag_standardized,prpd_standardized,pfc_mag_filtered,dms_mag_filtered,pfc_phase,dms_phase
1,3.3333333333333335,3.3333333333333335,-0.692789280572199,0.059061743567091075,0.0,-0.6558954458590249,0.06116773099565206,-2.1398799520842893,-1.468268332679911
2,3.3333333333333335,2.6666666666666665,-0.692789280572199,-0.2085851450027646,-1.0,-0.6295828543524415,0.0718201549763287,-2.1775857047839686,-1.3857805877448808
3,1.3333333333333333,0.6666666666666665,-0.8253486405106529,-1.0115258107123313,-0.5,-0.6026473594065492,0.08189669493149151,-2.1440959536784585,-1.3630790484733013
4,1.3333333333333333,1.333333333333333,-0.8253486405106529,-0.7438789221424758,-0.5,-0.5752394960182855,0.09134126364648724,-2.1368727713701814,-1.2910439675659975
5,5.333333333333333,2.666666666666667,-0.5602299206337451,-0.2085851450027644,-0.6666666666666666,-0.5475106688704594,0.1001021250464432,-2.105418471119239,-1.266575456063699
6,5.333333333333333,8.0,-0.5602299206337451,1.9325899635560797,-0.75,-0.5196116480895999,0.10813251497024615,-2.0892771443886695,-1.1953442536531647
7,7.333333333333333,6.0,-0.42767056069529125,1.1296492978465131,-0.75,-0.49169108742476764,0.11539121474074106,-2.0594414008823665,-1.170468289690545
8,10.666666666666666,2.666666666666667,-0.2067382941312014,-0.2085851450027644,-0.8,-0.4638940833901671,0.12184306449423454,-2.0400877893576843,-1.098711325599256
9,9.333333333333334,10.666666666666666,-0.2951112007568373,3.0031775178355016,-0.8,-0.4363607941899723,0.1274594036405397,-2.011784423079445,-1.0741484723633328
10,7.333333333333333,4.0,-0.42767056069529125,0.32670863213694656,-0.8,-0.4092251372507766,0.13221842787882895,-1.9912616245360575,-1.0016169206977006
11,8.0,7.333333333333333,-0.38348410738247324,1.6649430749862244,-0.8,-0.3826135839408175,0.1361054552578296,-1.9645236409123734,-0.977870867000866
12,5.333333333333333,2.0,-0.5602299206337451,-0.47623203357262006,-0.8333333333333334,-0.35664406967845697,0.1391130973527176,-1.9438576656802025,-0.904579128841096
13,185.33333333333334,3.3333333333333335,11.370112473827108,0.059061743567091075,-0.8333333333333334,-0.33142503715245136,0.14124133541684594,-1.9187706356159722,-0.8820811924694787
14,0.6666666666666666,1.333333333333333,-0.8695350938234709,-0.7438789221424758,-0.7142857142857143,-0.3070546289737945,0.1424975047104593,-1.8985914127125576,-0.8081309061960095
15,0.0,3.333333333333334,-0.913721547136289,0.059061743567091256,-0.7142857142857143,-0.28362004171433086,0.14289619231929104,-1.875264180177938,-0.7873130865215261
16,0.0,4.0,-0.913721547136289,0.32670863213694656,-0.75,-0.26119704472076566,0.14245905433867376,-1.8560111167865878,-0.7128488113301105
17,3.3333333333333335,4.666666666666666,-0.692789280572199,0.5943555207068019,-0.75,-0.2398496566973173,0.14121455770464247,-1.8345590836404297,-0.6941973875506038
18,0.0,5.333333333333334,-0.913721547136289,0.8620024092766578,-0.75,-0.21962996542401955,0.13919765103334614,-1.8165623641202575,-0.6194024372361162
19,0.0,5.333333333333333,-0.913721547136289,0.8620024092766575,-0.7777777777777778,-0.20057807328628735,0.1364493683925603,-1.7970951254997776,-0.603513079339733
20,8.0,4.666666666666666,-0.38348410738247324,0.5943555207068019,-0.6777777777777778,-0.18272215203709627,0.13301637039844502,-1.7806096477186304,-0.528625102911295
21,4.666666666666667,1.333333333333333,-0.6044163739465631,-0.7438789221424758,-0.7000000000000001,-0.1660785921402827,0.128950428358007,-1.7632192030645184,-0.5162747458486905
22,12.0,5.333333333333333,-0.11836538750556541,0.8620024092766575,-0.6,-0.15065223407124528,0.12430785892963009,-1.7484363603410102,-0.441620553139412
23,4.666666666666667,0.0,-0.6044163739465631,-1.2791726992821868,-0.6,-0.13643667076081112,0.11914891831006176,-1.7331839981659245,-0.4338756143005303
24,4.0,4.0,-0.6486028272593811,0.32670863213694656,-0.6,-0.1234146118263007,0.11353716575400671,-1.720231135723988,-0.35993658624426744
25,4.0,4.0,-0.6486028272593811,0.32670863213694656,-0.7000000000000001,-0.11155830139277123,0.10753880616855498,-1.7071323552082576,-0.3583305320559572
26,5.333333333333333,4.0,-0.5602299206337451,0.32670863213694656,-0.7000000000000001,-0.10082998241170325,0.10122202085977691,-1.6960647291154154,-0.28586622709542137
27,7.333333333333333,0.666666666666667,-0.42767056069529125,-1.011525810712331,-0.7000000000000001,-0.09118240168236814,0.09465629471041406,-1.68507267910096,-0.2927085385867219
28,9.333333333333334,3.333333333333333,-0.2951112007568373,0.0590617435670909,-0.7000000000000001,-0.08255935132228376,0.08791174752161938,-1.6758613675943241,-0.22300002937848057
29,8.666666666666666,2.0,-0.3392976540696553,-0.47623203357262006,-0.7000000000000001,-0.07489624405420477,0.08105847689299035,-1.6668504886186797,-0.241939901158232
30,21.333333333333332,1.333333333333333,0.5002449588738861,-0.7438789221424758,-0.8,-0.06812072115440698,0.07416591940134078,-1.6593698611450847,-0.1772945239830457
31,24.0,5.333333333333333,0.6769907721251581,0.8620024092766575,-0.8,-0.06215329305317663,0.0673022357156516,-1.6521227081262537,-0.21438446335872333
32,11.333333333333332,2.666666666666666,-0.16255184081838348,-0.20858514500276476,-0.8,-0.05690801319274522,0.06053372385362267,-1.6461417692755251,-0.15923518494929628
33,15.333333333333334,2.0,0.10256687905852449,-0.47623203357262006,-0.8,-0.0522931856403581,0.05392426346220948,-1.6403429920193313,-0.2249102013101754
34,8.0,0.666666666666667,-0.38348410738247324,-1.011525810712331,-0.8,-0.048212106191778306,0.047534793089958303,-1.6355252895325072,-0.18823454554238223
35,28.666666666666668,8.0,0.986295945314884,1.9325899635560797,-0.9,-0.04456383572159256,0.04142282181667061,-1.6307667563343686,-0.3002493715961262
36,13.333333333333334,6.666666666666666,-0.02999248087992943,1.3972961864163684,-0.8,-0.041244003775513266,0.035641975990387986,-1.6266826828300103,-0.30002123851535156
37,12.666666666666666,5.333333333333333,-0.07417893419274749,0.8620024092766575,-0.8,-0.03814563984692884,0.03024158138451426,-1.6224821323665268,-0.481772917707599
38,31.333333333333332,1.333333333333333,1.1630417585661559,-0.7438789221424758,-0.8,-0.035160029121600725,0.025266281696787338,-1.618634925151223,-0.5444445667610823
39,1.3333333333333321,2.666666666666667,-0.825348640510653,-0.2085851450027644,-0.7000000000000001,-0.032177588562693676,0.0207556963834168,-1.6144673979223718,-0.789497523640834
40,16.666666666666668,0.0,0.19093978568416048,-1.2791726992821868,-0.7000000000000001,-0.029088758163517654,0.016744123430955344,-1.610330434207444,-0.9085253320732941
41,25.333333333333332,1.333333333333333,0.7653636787507939,-0.7438789221424758,-0.6,-0.02578490120276428,0.013260294295141377,-1.6056680270885673,-1.124917513731497
42,4.666666666666666,1.333333333333333,-0.6044163739465631,-0.7438789221424758,-0.6,-0.02215920654206202,0.010327188083994679,-1.6007274154038207,-1.2298674037352657
43,8.666666666666666,4.0,-0.3392976540696553,0.32670863213694656,-0.6,-0.01810758543701552,0.007961910370457261,-1.595080140782849,-1.3519416707364396
44,16.0,1.333333333333333,0.14675333237134242,-0.7438789221424758,-0.6,-0.013529554920745658,0.006175639551097422,-1.588874727796498,-1.408560061092664
45,11.333333333333334,1.333333333333333,-0.16255184081838334,-0.7438789221424758,-0.6,-0.008329099617751443,0.0049736412182458025,-1.5818248153898742,-1.4597654866217333
46,5.333333333333334,2.666666666666667,-0.5602299206337451,-0.2085851450027644,-0.6,-0.0024155039940779986,0.0043553490323477015,-1.5739765277745743,-1.4781196787817066
47,12.666666666666668,6.666666666666667,-0.07417893419274736,1.3972961864163689,-0.7000000000000001,0.004295852510392325,0.0043145089933974414,-1.565200640698848,-1.4906284290134457
48,16.0,2.0,0.14675333237134242,-0.47623203357262006,-0.7000000000000001,0.011882744451872889,0.004839382624565426,-1.555431146150125,-1.4846307129895742
49,20.0,1.333333333333333,0.41187205224825024,-0.7438789221424758,-0.7000000000000001,0.020415399795118232,0.005913003617229433,-1.5447086274756876,-1.4766367933153295
50,6.666666666666668,5.333333333333334,-0.4718570140081091,0.8620024092766578,-0.8,0.02995585549649061,0.007513482256663186,-1.5328421397073853,-1.455325670118038
51,12.0,1.333333333333333,-0.11836538750556541,-0.7438789221424758,-0.8,0.04055737463023361,0.009614352183510692,-1.520050919729848,-1.4360354613551698
52,9.333333333333334,4.0,-0.2951112007568373,0.32670863213694656,-0.9,0.05226393035606102,0.012184954154603411,-1.5060059984445315,-1.4047807938453811
53,10.0,3.333333333333334,-0.2509247474440193,0.059061743567091256,-0.9,0.06510976192253137,0.015190851279433511,-1.491109934246005,-1.378988372242006
54,9.333333333333334,2.0,-0.2951112007568373,-0.47623203357262006,-0.9,0.07911900745685024,0.018594269956658454,-1.4748845001453106,-1.341048912248315
55,6.666666666666667,4.0,-0.47185701400810914,0.32670863213694656,-0.9,0.09430541747532936,0.022354560553363805,-1.4579163814078202,-1.3113968156840166
56,9.333333333333334,5.333333333333333,-0.2951112007568373,0.8620024092766575,-0.9,0.11067215198398758,0.026428671719849302,-1.4395700027889793,-1.2688428900765047
57,4.666666666666666,2.0,-0.6044163739465631,-0.47623203357262006,-0.9,0.12821166279004476,0.030771632131378835,-1.4206137453898338,-1.23687630832755
58,31.333333333333332,8.0,1.1630417585661559,1.9325899635560797,-0.9,0.14690566121863252,0.03533703358273018,-1.400250252838003,-1.191090061653152
59,34.666666666666664,2.0,1.3839740251302453,-0.47623203357262006,-0.8,0.16672516996174003,0.040077509966761474,-1.3794246430744928,-1.1577655976184245
60,16.0,4.0,0.14675333237134242,0.32670863213694656,-0.7000000000000001,0.18763065673229098,0.044945207817388914,-1.3571769456448122,-1.109716009807975
61,9.333333333333334,0.6666666666666661,-0.2951112007568373,-1.0115258107123315,-0.7000000000000001,0.20957224735461366,0.04989224560092167,-1.3346221987182443,-1.0756613737806124
62,10.0,6.666666666666666,-0.2509247474440193,1.3972961864163684,-0.7000000000000001,0.23249001697661756,0.05487116034228117,-1.3106401784211195,-1.0260620229476989
63,11.333333333333334,2.0,-0.16255184081838334,-0.47623203357262006,-0.7000000000000001,0.2563143594294361,0.059835340989499275,-1.2865077333130281,-0.9917170622992085
64,12.666666666666666,2.666666666666667,-0.07417893419274749,-0.2085851450027644,-0.7000000000000001,0.2809664353400239,0.0647394481173328,-1.2609493468882866,-0.9411214500869849
65,15.333333333333332,2.666666666666666,0.10256687905852437,-0.20858514500276476,-0.7000000000000001,0.30635869907774793,0.06953981956247887,-1.23539469811996,-0.9068197667113702
66,14.666666666666666,3.333333333333333,0.058380425745706434,0.0590617435670909,-0.7000000000000001,0.332395503403731,0.07419486158665167,-1.2084198886828799,-0.8556821603360575
67,13.333333333333334,4.0,-0.02999248087992943,0.32670863213694656,-0.7000000000000001,0.358973779341188,0.07866542498017139,-1.181597893687491,-0.8217015994366751
68,14.666666666666666,4.666666666666666,0.058380425745706434,0.5943555207068019,-0.7000000000000001,0.38598378756362645,0.08291516505923147,-1.1533647023181635,-0.7704182351633054
69,30.666666666666668,2.6666666666666665,1.1188553052533379,-0.2085851450027646,-0.8,0.4133099365151797,0.08691088409283387,-1.1254267509130091,-0.7370145493361353
70,16.666666666666668,4.0,0.19093978568416048,0.32670863213694656,-0.8,0.4408316615117293,0.09062285467949377,-1.096089057566163,-0.6859534702292815
71,10.666666666666666,0.0,-0.2067382941312014,-1.2791726992821868,-0.8,0.46842435834236884,0.09402512296507529,-1.0671815884877285,-0.6533848169347636
72,10.666666666666666,0.0,-0.2067382941312014,-1.2791726992821868,-0.8,0.49596036450465975,0.09709579093099745,-1.0368880212990157,-0.602909200114148
73,14.0,0.666666666666667,0.014193972432888502,-1.011525810712331,-0.8,0.5233099809133831,0.09981727666656427,-1.0071519813899257,-0.5714556793572528
74,11.333333333333334,2.666666666666667,-0.16255184081838334,-0.2085851450027644,-0.8,0.550342526193287,0.10217655004284147,-0.976045626915367,-0.5219432766445454
75,32.666666666666664,3.333333333333333,1.2514146651917915,0.0590617435670909,-0.8,0.5769274142421221,0.10416533847766608,-0.9456165410667212,-0.491923234045877
76,22.0,4.0,0.5444314121867042,0.32670863213694656,-0.7000000000000001,0.602935243930214,0.10578029417362116,-0.9138351404062343,-0.44378252423270276
77,10.666666666666668,8.666666666666668,-0.2067382941312013,2.2002368521259354,-0.7000000000000001,0.6282388881800317,0.10702311135912726,-0.8828435101857692,-0.4155653154408879
78,36.666666666666664,10.666666666666666,1.5165333850686993,3.0031775178355016,-0.6,0.6527145686554034,0.10790058054432305,-0.8505198951039276,-0.3692475017980225
79,49.333333333333336,5.333333333333334,2.356075998012241,0.8620024092766578,-0.5,0.6762429018574982,0.1084245672291982,-0.8190917423969662,-0.3432613465483979
80,24.666666666666668,8.666666666666666,0.7211772254379761,2.200236852125935,-0.6,0.6987099024223251,0.10861190526823782,-0.7863543856325537,-0.29926687616477243
81,28.0,3.333333333333333,0.942109492002066,0.0590617435670909,-0.5,0.720007930060156,0.10848419998319996,-0.7546118790296579,-0.2760002105210644
82,42.666666666666664,4.666666666666666,1.914211464884061,0.5943555207068019,-0.4,0.7400365681569497,0.10806754200138072,-0.7215855428817108,-0.23487842995698197
83,41.333333333333336,1.3333333333333335,1.8258385582584253,-0.7438789221424755,-0.30000000000000004,0.7587034242771434,0.10739213823706711,-0.6896477366957604,-0.21487265264550237
84,26.666666666666668,1.3333333333333335,0.85373658537643,-0.7438789221424755,-0.19999999999999998,0.775924845113379,0.10649187043588941,-0.6564542773535781,-0.17721211888685173
85,23.333333333333332,3.333333333333333,0.63280431881234,0.0590617435670909,-0.1,0.791626540721023,0.10540379386373501,-0.624438038915345,-0.16104130848539314
86,18.0,3.333333333333334,0.27931269230979633,0.059061743567091256,-0.19999999999999998,0.8057441152185603,0.10416758909282653,-0.5911974379231967,-0.12744503543809946
87,32.666666666666664,2.666666666666667,1.2514146651917915,-0.2085851450027644,-0.19999999999999998,0.8182235031324377,0.10282497892839405,-0.5592186220636793,-0.11567393408919362
88,34.0,0.6666666666666665,1.3397875718174275,-1.0115258107123313,-0.19999999999999998,0.8290213116726634,0.10141912114760292,-0.5260502780104478,-0.08670942643541733
89,31.333333333333332,4.666666666666667,1.1630417585661559,0.5943555207068022,-0.19999999999999998,0.8381050694987967,0.09999398647259665,-0.49422515194398914,-0.0798170723995256
90,23.333333333333332,0.6666666666666665,0.63280431881234,-1.0115258107123313,-0.1,0.8454533826339052,0.09859373007219492,-0.4612494005109175,-0.055928603054061374
91,10.666666666666668,3.333333333333333,-0.2067382941312013,0.0590617435670909,-0.1,0.8510559986401024,0.09726206363471472,-0.42969626322052423,-0.054186097405331014
92,40.0,4.0,1.7374656516327893,0.32670863213694656,-0.1,0.8549137808423075,0.0960416336556053,-0.39703606048433054,-0.03556161601265771
93,29.333333333333332,8.666666666666666,1.0304823986277019,2.200236852125935,-0.1,0.8570385947295026,0.09497341025621354,-0.36587699787328665,-0.03886544872865777
94,42.666666666666664,3.3333333333333335,1.914211464884061,0.059061743567091075,-0.1,0.857453108503573,0.09409608998567555,-0.3336597146085774,-0.025269854677760783
95,26.666666666666668,1.3333333333333335,0.85373658537643,-0.7438789221424755,-0.1,0.8561905096131845,0.09344551620337556,-0.30302243970839116,-0.032963964293120714
96,27.333333333333332,6.0,0.8979230386892478,1.1296492978465131,0.0,0.8532941396490067,0.09305412197902019,-0.2713817143765853,-0.02358818127958111
97,26.666666666666668,2.0,0.85373658537643,-0.47623203357262006,0.1,0.8488170512198644,0.09295040228583432,-0.24140144807151642,-0.0343537879156127
98,33.333333333333336,0.0,1.2956011185046097,-1.2791726992821868,0.1,0.8428214918285042,0.09315842359752025,-0.21047907223607865,-0.02776923457897144
99,16.0,0.666666666666667,0.14675333237134242,-1.011525810712331,0.1,0.8353783208072689,0.09369737941673126,-0.18130045742290665,-0.039685602224231654
100,13.333333333333332,9.333333333333332,-0.029992480879929548,2.46788374069579,0.0,0.8265663659460881,0.09458119977947245,-0.1512482901082463,-0.03398914211847116
101,28.0,2.0,0.942109492002066,-0.47623203357262006,-0.1,0.8164717265936193,0.09581822149853104,-0.1230273150322612,-0.044815415281710166
102,29.333333333333336,2.0,1.030482398627702,-0.47623203357262006,-0.1,0.8051870296387443,0.09741092444214355,-0.09400915958021491,-0.03796197245436253
103,42.666666666666664,0.0,1.914211464884061,-1.2791726992821868,-0.1,0.7928106438975595,0.0993557384291663,-0.06691496500867869,-0.04555991269031223
104,30.666666666666664,6.0,1.1188553052533374,1.1296492978465131,-0.1,0.7794458575596488,0.10164292538000144,-0.039108218649646836,-0.03575519223426819
105,40.0,1.3333333333333335,1.7374656516327893,-0.7438789221424755,-0.1,0.7652000232490609,0.10425654118331146,-0.01332453374652459,-0.038469816761083186
106,10.666666666666668,4.0,-0.2067382941312013,0.32670863213694656,-0.1,0.7501836762618652,0.10717448075915972,0.013078691748220806,-0.024451509456105577
107,24.666666666666664,0.0,0.7211772254379759,-1.2791726992821868,0.0,0.7345096332771526,0.11036860852102529,0.03735281587009143,-0.021297852573642778
108,16.0,2.666666666666667,0.14675333237134242,-0.2085851450027644,0.0,0.7182920804951328,0.11380497538574638,0.062145442064349285,-0.0024163685393801377
109,20.0,1.333333333333333,0.41187205224825024,-0.7438789221424758,0.09999999999999998,0.7016456610061257,0.1174441224363706,0.08469596660280423,0.006948237688591645
110,20.0,4.666666666666666,0.41187205224825024,0.5943555207068019,0.2,0.6846845710122758,0.12124146984881962,0.10765698303562159,0.030816434363880693
111,27.333333333333332,3.333333333333333,0.8979230386892478,0.0590617435670909,0.2,0.6675216736189583,0.1251477877556464,0.12825681736233444,0.046249976322613476
112,39.333333333333336,4.0,1.6932791983199715,0.32670863213694656,0.3,0.6502676378025493,0.12910974385182947,0.14915428275719345,0.07486406090568655
113,10.666666666666668,0.666666666666667,-0.2067382941312013,-1.011525810712331,0.3,0.6330301093235282,0.1330705212873733,0.16756768637391423,0.09592662809896126
114,8.666666666666666,0.0,-0.3392976540696553,-1.2791726992821868,0.39999999999999997,0.6159129201059317,0.1369704997869655,0.18616471794029193,0.1288403745539583
115,24.0,0.0,0.6769907721251581,-1.2791726992821868,0.49999999999999994,0.5990153428179563,0.14074799238532576,0.20215533946655612,0.15494882218162795
116,30.666666666666664,6.0,1.1188553052533374,1.1296492978465131,0.6000000000000001,0.5824313974267894,0.1443400288142909,0.2182203402737692,0.19163023929219722
117,8.666666666666668,8.0,-0.3392976540696552,1.9325899635560797,0.6000000000000001,0.566249215888795,0.14768317412848395,0.23156420617531695,0.22216241864997976
118,11.333333333333332,4.0,-0.16255184081838348,0.32670863213694656,0.6000000000000001,0.5505504701463309,0.15071436846082492,0.24488662768392075,0.2620694002286111
119,17.333333333333332,2.666666666666666,0.2351262389969783,-0.20858514500276476,0.7,0.5354098677147187,0.15337177237649535,0.2553913284704675,0.2964242049193328
120,24.0,4.666666666666666,0.6769907721251581,0.5943555207068019,0.7,0.520894718267084,0.1555956028914431,0.2658040266767612,0.33904591231141873
121,32.0,1.3333333333333335,1.2072282118789737,-0.7438789221424755,0.6000000000000001,0.5070645734367647,0.1573289470195552,0.2733348283302068,0.37667260755401855
122,16.0,2.666666666666666,0.14675333237134242,-0.20858514500276476,0.6000000000000001,0.493970940771056,0.1585185412525648,0.2807431719764184,0.42154824195059143
123,20.0,8.0,0.41187205224825024,1.9325899635560797,0.6000000000000001,0.48165707199073177,0.15911550591708773,0.2852553809207779,0.4619568513543261
124,16.666666666666668,0.6666666666666661,0.19093978568416048,-1.0115258107123315,0.6000000000000001,0.47015782565573366,0.15907602311716024,0.2896713201343385,0.5086808847771707
125,22.666666666666668,8.0,0.5886178654995222,1.9325899635560797,0.6000000000000001,0.4594996046029668,0.15836194663999464,0.2912456255203237,0.5514420710205332
126,5.333333333333332,1.333333333333333,-0.5602299206337452,-0.7438789221424758,0.6000000000000001,0.44970036858367013,0.15694133238536623,0.2928217482089529,0.5996623658942627
127,36.0,3.333333333333333,1.4723469317558815,0.0590617435670909,0.7,0.44076972221239585,0.15478887868434651,0.2916956000196126,0.644402488316657
128,14.666666666666666,14.666666666666666,0.058380425745706434,4.609058849254635,0.7,0.4327090777792089,0.1518862669521494,0.2907504735535541,0.693815509360131
129,14.666666666666668,4.0,0.05838042574570655,0.32670863213694656,0.7,0.42551189190144223,0.1482223943234999,0.28733517264097724,0.7402102783010275
130,18.666666666666668,3.333333333333333,0.3234991456226144,0.0590617435670909,0.7,0.41916397460563926,0.14379349182616183,0.28435891002011077,0.7905558150926899
131,20.666666666666668,8.0,0.4560585055610683,1.9325899635560797,0.8,0.413643869223211,0.13860312497119284,0.2792313482020107,0.8383243745279655
132,0.0,4.666666666666667,-0.913721547136289,0.5943555207068022,0.8,0.4089233012046917,0.1326620780138915,0.2748618521239039,0.889380994664152
133,6.0,4.0,-0.5160434673209272,0.32670863213694656,0.8,0.40496769338583705,0.125988127328198,0.2687240904733814,0.9382811675097688
134,21.333333333333332,6.0,0.5002449588738861,1.1296492978465131,0.8,0.4017367442388069,0.11860571269545375,0.2636914522871313,0.9898626862391553
135,18.0,2.666666666666667,0.27931269230979633,-0.2085851450027644,0.8,0.3991850640700803,0.11054551807879315,0.2573009291861996,1.0396873186112883
136,2.666666666666668,2.0,-0.7369757338850169,-0.47623203357262006,0.7,0.3972628620954587,0.10184397583923137,0.25234853367922094,1.091640054672084
137,38.666666666666664,0.666666666666667,1.649092745007153,-1.011525810712331,0.7,0.3959166753321914,0.09254271016650649,0.24643307720582772,1.1422141331792992
138,22.0,1.333333333333333,0.5444314121867042,-0.7438789221424758,0.6000000000000001,0.395090128732596,0.08268793640202808,0.24223372025634948,1.1944146352185645
139,29.333333333333332,7.333333333333333,1.0304823986277019,1.6649430749862244,0.49999999999999994,0.3947247150749982,0.07232983261482209,0.2374122432292535,1.245592835408416
140,22.0,2.0,0.5444314121867042,-0.47623203357262006,0.39999999999999997,0.39476058295594807,0.06152189840051947,0.23449987121564306,1.2979457883326941
141,18.0,2.0,0.27931269230979633,-0.47623203357262006,0.3,0.39513732188991807,0.050320314260311305,0.23122714332666114,1.3496102102725156
142,14.666666666666668,0.0,0.05838042574570655,-1.2791726992821868,0.3,0.39579473471763693,0.03878331396658296,0.22995802621584255,1.4020464092465375
143,33.333333333333336,0.6666666666666665,1.2956011185046097,-1.0115258107123313,0.2,0.39667358865783126,0.026970581947715788,0.22850187700129346,1.4541044681190054
144,16.666666666666668,1.333333333333333,0.19093978568416048,-0.7438789221424758,0.10000000000000003,0.3977163370303402,0.014942686944852254,0.2290476154159679,1.5065788718432702
145,16.0,2.0,0.14675333237134242,-0.47623203357262006,0.0,0.39886780402226507,0.002760561266823429,0.22949565323187546,1.5589612707649743
146,26.666666666666664,0.666666666666667,0.8537365853764298,-1.011525810712331,0.0,0.400075825176839,-0.009514967918102083,0.23186098966739882,1.6114509602429465
147,29.333333333333332,3.3333333333333335,1.0304823986277019,0.059061743567091075,0.0,0.40129183667462986,-0.021823591960331692,0.23414702127942913,1.664109483776829
148,32.0,2.0,1.2072282118789737,-0.47623203357262006,0.0,0.40247140689179933,-0.03410587835013046,0.23820151109361998,1.716611289917199
149,23.333333333333332,0.666666666666667,0.63280431881234,-1.011525810712331,-0.09999999999999998,0.40357470431135123,-0.04630357456484144,0.2421406107944003,1.7695162603657617
150,30.666666666666664,7.333333333333334,1.1188553052533374,1.6649430749862244,-0.09999999999999998,0.4045668969543687,-0.058359862081487274,0.24765417353282349,1.8220440218134892
151,22.0,0.666666666666667,0.5444314121867042,-1.011525810712331,-0.09999999999999998,0.4054184801409873,-0.0702195660117372,0.2529778550111979,1.8751814629352994
152,17.333333333333332,1.333333333333333,0.2351262389969783,-0.7438789221424758,-0.09999999999999998,0.40610553126629134,-0.08182932682500683,0.2596535537868798,1.9277630214338097
153,4.666666666666668,2.666666666666667,-0.604416373946563,-0.2085851450027644,-0.2,0.4066098919832516,-0.09313774109241595,0.2660401500979305,1.9811316609903027
154,12.666666666666666,2.666666666666667,-0.07417893419274749,-0.2085851450027644,-0.3,0.40691927936243216,-0.10409547843886778,0.2735410536624115,2.033805737148028
155,36.0,12.666666666666666,1.4723469317558815,3.806118183545068,-0.39999999999999997,0.40702732790955454,-0.11465538240266285,0.2806396259575893,2.0874139779966847
156,23.333333333333332,2.0,0.63280431881234,-0.47623203357262006,-0.39999999999999997,0.4069335637298581,-0.12477256341770111,0.2886093587564111,2.1402270435253166
157,17.333333333333332,2.0,0.2351262389969783,-0.47623203357262006,-0.49999999999999994,0.40664331121705,-0.13440449155222,0.29605776069908596,2.194090029755774
158,21.333333333333332,3.333333333333334,0.5002449588738861,0.059061743567091256,-0.6000000000000001,0.4061675322504032,-0.14351109430357423,0.3041361423931168,2.247093370258152
159,20.666666666666668,2.0,0.4560585055610683,-0.47623203357262006,-0.6000000000000001,0.4055225982528257,-0.15205486155652426,0.31157516963451093,2.3012304423571335
160,22.666666666666668,0.666666666666667,0.5886178654995222,-1.011525810712331,-0.7,0.40472999611660887,-0.16000095741636483,0.3194111298096006,2.354477754115755
161,32.666666666666664,4.0,1.2514146651917915,0.32670863213694656,-0.6000000000000001,0.4038159694815036,-0.16731733778360555,0.32649701475192927,2.4089105635748513
162,52.666666666666664,2.6666666666666665,2.5770082645763304,-0.2085851450027646,-0.6000000000000001,0.4028110972402616,-0.17397487283544708,0.33376095376353515,2.4624561592576635
163,15.333333333333336,4.666666666666667,0.1025668790585246,0.5943555207068022,-0.6000000000000001,0.4017498119476399,-0.1799474743133982,0.3401782296139343,2.517207304488271
164,14.666666666666664,8.666666666666668,0.058380425745706316,2.2002368521259354,-0.6000000000000001,0.40066986250443304,-0.18521222806729032,0.3465756110069091,2.5711046511782776
165,27.333333333333336,1.333333333333333,0.897923038689248,-0.7438789221424758,-0.6000000000000001,0.3996117280116632,-0.1897495320661045,0.35205181592826434,2.6261965600370023
166,14.666666666666668,2.666666666666666,0.05838042574570655,-0.20858514500276476,-0.6000000000000001,0.398617992211572,-0.1935432386401428,0.35733902429696673,2.680496986843796
167,18.666666666666668,0.0,0.3234991456226144,-1.2791726992821868,-0.6000000000000001,0.3977326895621382,-0.19658079729130218,0.3616617542533226,2.735951073790646
168,12.0,0.666666666666667,-0.11836538750556541,-1.011525810712331,-0.7,0.39700063460487744,-0.19885339203949975,0.36566415366575405,2.79070285440432
169,9.333333333333332,6.0,-0.2951112007568374,1.1296492978465131,-0.7,0.3964667462805866,-0.20035606616359963,0.368699814645108,2.846539266695962
170,6.666666666666666,1.333333333333333,-0.4718570140081092,-0.7438789221424758,-0.7,0.39617537842376005,-0.20108782764276562,0.37133078276377773,2.901787353087347
171,14.0,0.666666666666667,0.014193972432888502,-1.011525810712331,-0.7,0.3961696667152501,-0.20105172978754712,0.37304321284776126,2.9580254425184767
172,14.666666666666664,3.3333333333333335,0.058380425745706316,0.059061743567091075,-0.7,0.39649090081877714,-0.20025492247407142,0.37432170732725606,3.013811794884115
173,18.0,2.0,0.27931269230979633,-0.47623203357262006,-0.7,0.39717792844269606,-0.19870866987369354,0.37478760668368166,3.0704711532125355
174,18.0,0.666666666666667,0.27931269230979633,-1.011525810712331,-0.8,0.3982665960417883,-0.19642833106900934,0.37485065833058084,3.126835477871983
175,16.666666666666668,2.0,0.19093978568416048,-0.47623203357262006,-0.8,0.3997892291850895,-0.19343330074144396,0.37426780274490473,-3.0992478973029747
176,22.0,1.3333333333333335,0.5444314121867042,-0.7438789221424755,-0.8,0.40177415441627173,-0.18974690813444914,0.3733736841477126,-3.042267091300112
177,37.333333333333336,4.0,1.5607198383815175,0.32670863213694656,-0.8,0.4042452636636225,-0.18539627371274583,0.37205772414304794,-2.984697717934143
178,4.666666666666664,2.0,-0.6044163739465632,-0.47623203357262006,-0.7,0.407221621873093,-0.18041212431766318,0.3705759674450307,-2.9270618352179265
179,32.0,3.3333333333333335,1.2072282118789737,0.059061743567091075,-0.7,0.41071711861252747,-0.17482856887200254,0.36894280515177746,-2.8689944664955234
180,30.0,1.333333333333333,1.0746688519405196,-0.7438789221424758,-0.6000000000000001,0.4147401649081107,-0.16868283748482688,0.36732925859168963,-2.810663451457269
181,6.666666666666666,1.333333333333334,-0.4718570140081092,-0.7438789221424754,-0.6000000000000001,0.41929343729295715,-0.16201498715316695,0.3658628423303294,-2.752059560432012
182,26.666666666666668,0.0,0.85373658537643,-1.2791726992821868,-0.6000000000000001,0.4243736717731622,-0.15486757752564073,0.36462146689743213,-2.6929905155427463
183,12.0,4.666666666666667,-0.11836538750556541,0.5943555207068022,-0.6000000000000001,0.4299715110698601,-0.14728532084645699,0.36383075322798863,-2.6338011608914513
184,8.0,5.333333333333334,-0.38348410738247324,0.8620024092766578,-0.6000000000000001,0.43607140889321766,-0.13931471142767712,0.36346778925813733,-2.573946951894639
185,13.333333333333332,2.0,-0.029992480879929548,-0.47623203357262006,-0.6000000000000001,0.4426515948883473,-0.1310036414167341,0.36384011439151664,-2.514110199598144
186,22.666666666666668,1.333333333333333,0.5886178654995222,-0.7438789221424758,-0.6000000000000001,0.4496841031570675,-0.12240101044957383,0.3648188922230063,-2.453418180680401
187,2.0,9.333333333333334,-0.781162187197835,2.467883740695791,-0.6000000000000001,0.4571348659826081,-0.11355633660979877,0.3667784002847643,-2.3928566341058968
188,13.333333333333332,2.0,-0.029992480879929548,-0.47623203357262006,-0.7,0.4649638727895217,-0.10451937530699972,0.36948307093462057,-2.3312678132429863
189,19.333333333333332,1.333333333333333,0.3676855989354322,-0.7438789221424758,-0.7,0.47312539267619674,-0.09533975162491219,0.37336137124055463,-2.26988655811475
190,40.666666666666664,2.0,1.781652104945607,-0.47623203357262006,-0.8,0.48156825711213264,-0.08606661032880739,0.37807508685252555,-2.2073354140629298
191,18.0,1.333333333333333,0.27931269230979633,-0.7438789221424758,-0.7,0.4902361977390714,-0.0767482863100857,0.3840975921314406,-2.145020498533704
192,13.333333333333332,7.333333333333333,-0.029992480879929548,1.6649430749862244,-0.7,0.49906823315987564,-0.06743199757592894,0.39099644671725475,-2.0814354274026687
193,51.333333333333336,2.0,2.488635357950695,-0.47623203357262006,-0.7,0.5079990985371154,-0.05816356325554204,0.3992835927806419,-2.0180528320878226
194,12.666666666666668,2.0,-0.07417893419274736,-0.47623203357262006,-0.6000000000000001,0.5169597125151486,-0.048987149738406864,0.40844377718372615,-1.9533571168872894
195,22.0,10.0,0.5444314121867042,2.735530629265646,-0.6000000000000001,0.5258776769599675,-0.039945048093593775,0.41902319718508,-1.888752333072608
196,10.666666666666668,0.666666666666667,-0.2067382941312013,-1.011525810712331,-0.6000000000000001,0.5346778061155554,-0.031077485183621478,0.43043661199832034,-1.8228658391073762
197,14.666666666666668,0.666666666666667,0.05838042574570655,-1.011525810712331,-0.6000000000000001,0.5432826828028826,-0.022422469640148893,0.4432611548782951,-1.7568646208154148
198,18.0,4.666666666666667,0.27931269230979633,0.5943555207068022,-0.6000000000000001,0.5516132397082938,-0.0140156723481274,0.45685449741182194,-1.6897066817662605
199,16.0,3.333333333333334,0.14675333237134242,0.059061743567091256,-0.6000000000000001,0.5595893632767384,-0.005890339784683085,0.47182158002231966,-1.6221176843164828
200,34.666666666666664,4.666666666666666,1.3839740251302453,0.5943555207068019,-0.6000000000000001,0.5671305164914153,0.001922761937763881,0.487475106821295,-1.5536114931888136
201,6.0,6.666666666666667,-0.5160434673209272,1.3972961864163689,-0.7,0.5741563754536695,0.009395374360717785,0.5044444390617685,-1.4842313869442783
202,30.666666666666664,2.666666666666667,1.1188553052533374,-0.2085851450027644,-0.7,0.5805874736296718,0.016501747512045556,0.5220082706411863,-1.4143100034358007
203,8.666666666666668,1.333333333333334,-0.3392976540696552,-0.7438789221424754,-0.7,0.5863458470085232,0.02321861753255084,0.540816577309865,-1.3429317501851692
204,39.333333333333336,5.333333333333334,1.6932791983199715,0.8620024092766578,-0.8,0.5913556729957284,0.029525165995764057,0.5601237687160951,-1.2715459497707602
205,13.333333333333332,1.333333333333333,-0.029992480879929548,-0.7438789221424758,-0.7,0.5955438954189061,0.03540296730882663,0.580596205472466,-1.1979711534108923
206,24.666666666666664,0.666666666666667,0.7211772254379759,-1.011525810712331,-0.7,0.5988408276091967,0.0408359313106796,0.6014726118821992,-1.1250992017077461
207,36.666666666666664,3.3333333333333335,1.5165333850686993,0.059061743567091075,-0.6000000000000001,0.6011807253427585,0.04581024809756632,0.6234311552545203,-1.0491550180679854
208,44.666666666666664,1.3333333333333335,2.0467708248225147,-0.7438789221424755,-0.49999999999999994,0.602502321559677,0.05031434137287117,0.6457025300712821,-0.9748136879907419
209,26.666666666666668,3.333333333333333,0.85373658537643,0.0590617435670909,-0.39999999999999997,0.6027493153230787,0.054338835310264955,0.6689718800579318,-0.8963738214822389
210,18.0,0.666666666666667,0.27931269230979633,-1.011525810712331,-0.39999999999999997,0.6018708087364439,0.05787653822235879,0.6924687754209119,-0.8206291380125718
211,20.666666666666668,2.0,0.4560585055610683,-0.47623203357262006,-0.3,0.599821687559719,0.06092244456840941,0.7168803304104168,-0.7396374019186431
212,14.0,8.666666666666666,0.014193972432888502,2.200236852125935,-0.2,0.5965629434074287,0.06347375515615855,0.7414413060366838,-0.662613029822208
213,28.0,0.666666666666667,0.942109492002066,-1.011525810712331,-0.2,0.5920619367656207,0.06552991384805286,0.7668356475841726,-0.5791068928233144
214,37.333333333333336,2.0,1.5607198383815175,-0.47623203357262006,-0.09999999999999998,0.5862926003237685,0.06709265801628543,0.7923091596299009,-0.5009878987173324
215,28.666666666666668,2.0,0.986295945314884,-0.47623203357262006,-0.09999999999999998,0.579235581796883,0.06816607972757444,0.8185373843375034,-0.4151185293424664
216,28.0,0.666666666666667,0.942109492002066,-1.011525810712331,0.0,0.5708783253594896,0.06875669474670158,0.8447826881445675,-0.33614861621624803
217,26.0,4.0,0.809550132063612,0.32670863213694656,0.0,0.5612150915686859,0.06887351598693128,0.8717069311183222,-0.24819346830173086
218,13.333333333333334,6.0,-0.02999248087992943,1.1296492978465131,0.0,0.5502469170982037,0.06852812663399861,0.8985943367493119,-0.16866458881752303
219,29.333333333333332,3.3333333333333335,1.0304823986277019,0.059061743567091075,-0.09999999999999998,0.5379815171470971,0.06773474641771539,0.9260877878927893,-0.07902856667930622
220,25.333333333333336,6.666666666666666,0.7653636787507941,1.3972961864163684,0.0,0.5244331344930239,0.06651028336765401,0.953498506504504,0.0007372462326563846
221,14.666666666666668,3.333333333333334,0.05838042574570655,0.059061743567091256,0.0,0.5096223397191426,0.06487436348196751,0.9814450896980496,0.09153486824547066
222,17.333333333333332,2.666666666666667,0.2351262389969783,-0.2085851450027644,-0.09999999999999998,0.4935757873973409,0.06284933198151253,1.009270789765083,0.17120987866266418
223,29.333333333333332,4.0,1.0304823986277019,0.32670863213694656,0.0,0.47632593317145305,0.06046022160685498,1.037564595659591,0.26256238245834024
224,20.0,4.666666666666667,0.41187205224825024,0.5943555207068022,0.0,0.45791071671778044,0.05773468504649907,1.0657067493716759,0.34183982320389084
225,19.333333333333332,2.0,0.3676855989354322,-0.47623203357262006,0.0,0.4383732154484669,0.05470288967049671,1.094251297610954,0.4330894035032627
226,12.666666666666668,4.666666666666666,-0.07417893419274736,0.5943555207068019,0.0,0.41776127376019095,0.05139737336713656,1.1226203895118774,0.5117073810620753
227,2.666666666666668,8.0,-0.7369757338850169,1.9325899635560797,-0.09999999999999998,0.3961271126924564,0.04785286076817234,1.1513277861593236,0.6021839428356234
228,11.333333333333334,0.6666666666666661,-0.16255184081838334,-1.0115258107123315,-0.09999999999999998,0.37352692471989807,0.04410603977838039,1.1798424416071656,0.6799423782240905
229,25.333333333333332,4.0,0.7653636787507939,0.32670863213694656,0.0,0.3500204576066158,0.04019529933573143,1.2086324789496832,0.7689974007023366
230,37.333333333333336,5.333333333333334,1.5607198383815175,0.8620024092766578,0.10000000000000003,0.32567058973977286,0.036160430768123634,1.2372185538010276,0.845765775131428
231,16.0,0.6666666666666665,0.14675333237134242,-1.0115258107123313,0.0,0.3005428977397101,0.032042296583163654,1.2660178008542213,0.93279510258542
232,19.333333333333332,1.333333333333333,0.3676855989354322,-0.7438789221424758,0.0,0.2747052163338347,0.02788247153809217,1.2946075049093766,1.008510625313363
233,25.333333333333332,6.0,0.7653636787507939,1.1296492978465131,0.10000000000000003,0.24822719088801937,0.02372286124407375,1.3233484924198997,1.0929620432740559
234,14.0,0.666666666666667,0.014193972432888502,-1.011525810712331,0.10000000000000003,0.22117982413622345,0.019605303389013957,1.3518796701622537,1.1676190902692556
235,23.333333333333332,2.0,0.63280431881234,-0.47623203357262006,0.2,0.19363501979613806,0.015571156023292895,1.3805002854491786,1.2489826411445457
236,21.333333333333332,11.333333333333332,0.5002449588738861,3.270824406405357,0.3,0.16566512661855978,0.01166087658345832,1.4089159347999063,1.3226149347977967
237,14.666666666666668,3.333333333333333,0.05838042574570655,0.0590617435670909,0.3,0.13734248711824337,0.007913594866085468,1.4373590603232311,1.4003952018911834
238,8.0,1.3333333333333335,-0.38348410738247324,-0.7438789221424755,0.39999999999999997,0.108738995923226,0.0043666834953601475,1.4656070815788504,1.4730519508088218
239,2.0,2.0,-0.781162187197835,-0.47623203357262006,0.5,0.07992567331404518,0.001055330933834277,1.4938204380452533,1.5467207273020507
240,6.666666666666666,2.6666666666666665,-0.4718570140081092,-0.2085851450027646,0.5,0.05097225981192927,-0.0019878757367994665,1.521853550506166,1.61843598543007
241,10.0,3.3333333333333335,-0.2509247474440193,0.059061743567091075,0.5,0.021946837236457104,-0.004733349542332246,1.549789661655538,1.6873586827678788
242,14.0,2.6666666666666665,0.014193972432888502,-0.2085851450027646,0.5,-0.007084519606432177,-0.007154875064320954,1.577565389818601,1.758107367359467
243,20.666666666666668,2.0,0.4560585055610683,-0.47623203357262006,0.6000000000000001,-0.036058058146215946,-0.009229944654962284,1.6051815670977732,1.8214235382489092
244,10.666666666666666,1.333333333333334,-0.2067382941312014,-0.7438789221424754,0.6000000000000001,-0.06491262923542569,-0.01094005236112579,1.6326622097315118,1.8910446105716663
245,10.666666666666666,0.0,-0.2067382941312014,-1.2791726992821868,0.6000000000000001,-0.09358993422612395,-0.012270939299437143,1.6599205029240782,1.9474547227336907
246,9.333333333333334,1.3333333333333335,-0.2951112007568373,-0.7438789221424755,0.7,-0.12203473804187535,-0.013212785307101066,1.6870730709906796,2.0154913519935844
247,7.333333333333334,4.0,-0.4276705606952912,0.32670863213694656,0.7,-0.15019504821125917,-0.013760343437589296,1.7139402025567525,2.062831119633328
248,7.333333333333334,5.333333333333334,-0.4276705606952912,0.8620024092766578,0.6000000000000001,-0.17802225980316652,-0.013913016225929206,1.7407363567797807,2.1281460785969184
249,17.333333333333332,2.0,0.2351262389969783,-0.47623203357262006,0.6000000000000001,-0.2054712664969092,-0.013674874984486544,1.7671836646568777,2.1624209280781423
250,10.0,0.0,-0.2509247474440193,-1.2791726992821868,0.6000000000000001,-0.23250053853778085,-0.01305462488038075,1.7935996616029088,2.222125055536403
251,5.333333333333334,6.0,-0.5602299206337451,1.1296492978465131,0.6000000000000001,-0.2590721688122386,-0.012065518984426293,1.8196030449850678,2.2349582847295655
252,12.0,6.666666666666666,-0.11836538750556541,1.3972961864163684,0.6000000000000001,-0.2851518885114966,-0.010725224505784548,1.845619680498861,2.2808247133577932
253,5.333333333333334,2.0,-0.5602299206337451,-0.47623203357262006,0.5,-0.31070905386316167,-0.009055644551394761,1.8711595393098481,2.2512528269097203
254,12.0,3.3333333333333335,-0.11836538750556541,0.059061743567091075,0.39999999999999997,-0.3357166054101667,-0.007082698588024064,1.8967620838226056,2.254248933884819
255,3.333333333333334,2.0,-0.692789280572199,-0.47623203357262006,0.3,-0.3601510014307394,-0.004836063828727368,1.9218232462145888,2.1158692568213477
256,4.0,4.666666666666666,-0.6486028272593811,0.5943555207068019,0.3,-0.38399212727601,-0.0023488784297746993,1.9470013613077415,1.94040545525832
257,8.0,1.3333333333333333,-0.38348410738247324,-0.7438789221424756,0.3,-0.40722318261589474,0.00034259347277969254,1.9715729814509817,1.5140560897812454
258,7.333333333333334,3.3333333333333335,-0.4276705606952912,0.059061743567091075,0.3,-0.429830548892651,0.0031993349981663272,1.9963205945890588,0.9831171102748238
259,16.666666666666668,1.3333333333333335,0.19093978568416048,-0.7438789221424755,0.39999999999999997,-0.4518036397034649,0.006179987894563505,2.0203959954055297,0.731912299825485
260,0.0,0.666666666666667,-0.913721547136289,-1.011525810712331,0.39999999999999997,-0.4731347372035215,0.009241301473149879,2.0447111095167547,0.5025642660480397
261,11.333333333333334,0.6666666666666667,-0.16255184081838334,-1.0115258107123313,0.39999999999999997,-0.49381881770463676,0.012338617711329908,2.068287553897997,0.4953611979211167
262,9.333333333333334,1.3333333333333335,-0.2951112007568373,-0.7438789221424755,0.39999999999999997,-0.5138533693938678,0.015426389693781928,2.0921719870919353,0.4252566294334013
263,0.666666666666667,3.333333333333333,-0.8695350938234709,0.0590617435670909,0.39999999999999997,-0.5332382046913328,0.01845872838142358,2.1152503857859672,0.47228372773298305
264,4.0,6.666666666666667,-0.6486028272593811,1.3972961864163689,0.5,-0.5519752693932873,0.021389970017652526,2.1387094582519266,0.4577818149224443
265,7.333333333333333,4.666666666666666,-0.42767056069529125,0.5943555207068019,0.6000000000000001,-0.570068450487522,0.024175253996650367,2.1612940324497587,0.5191900668357254
266,8.666666666666666,1.333333333333333,-0.3392976540696553,-0.7438789221424758,0.7,-0.5875233844381195,0.026771099631901184,2.184336212831845,0.5295789241442799
267,4.666666666666667,1.333333333333333,-0.6044163739465631,-0.7438789221424758,0.7,-0.6043472677964822,0.029135970384782307,2.2064341151001536,0.5950243993814125
268,2.0,6.666666666666666,-0.781162187197835,1.3972961864163684,0.7,-0.6205486720300419,0.031230815130015323,2.2290706235288655,0.61879307536099
269,7.333333333333333,5.333333333333333,-0.42767056069529125,0.8620024092766575,0.7,-0.6361373643213802,0.03301957683504798,2.2506915128064233,0.6848019292299937
270,4.0,4.666666666666667,-0.6486028272593811,0.5943555207068022,0.7,-0.6511241358510325,0.03446965928213016,2.2729358805324615,0.7166765745446844
271,7.333333333333333,6.0,-0.42767056069529125,1.1296492978465131,0.7,-0.6655206388856709,0.0355523429455328,2.2940914578610174,0.7818654330265064
272,3.333333333333333,4.0,-0.692789280572199,0.32670863213694656,0.6000000000000001,-0.6793392338500389,0.03624314262536681,2.3159590560342425,0.8190595119224884
273,6.0,1.333333333333333,-0.5160434673209272,-0.7438789221424758,0.6000000000000001,-0.6925928473594851,0.036522101798121966,2.3366625770080534,0.8828077014030156
274,0.666666666666667,3.333333333333334,-0.8695350938234709,0.059061743567091256,0.6000000000000001,-0.7052948418890465,0.036374021130725624,2.3581701331953138,0.9236857842796885
275,6.0,5.333333333333333,-0.5160434673209272,0.8620024092766575,0.6000000000000001,-0.7174588974178319,0.03578862049286564,2.3784359184708026,0.9856857770789575
276,2.0,2.0,-0.781162187197835,-0.47623203357262006,0.6000000000000001,-0.7290989051002147,0.03476063474551043,2.399601044471954,1.0292055233992827
277,2.0,0.0,-0.781162187197835,-1.2791726992821868,0.7,-0.7402288728154255,0.03328984381256041,2.4194440115598805,1.0892867916966726
278,1.3333333333333335,4.666666666666667,-0.8253486405106529,0.5943555207068022,0.7,-0.7508628423181972,0.03138103750604083,2.440284762555711,1.1347356150119245
279,3.3333333333333335,4.0,-0.692789280572199,0.32670863213694656,0.7,-0.7610148176387447,0.02904391530059455,2.4597199938534433,1.1927870627391253
280,2.0,4.666666666666667,-0.781162187197835,0.5943555207068022,0.7,-0.7706987043721818,0.026292920568106223,2.480254468973558,1.2396452974543908
281,2.6666666666666665,10.0,-0.736975733885017,2.735530629265646,0.7,-0.7799282595469135,0.023147008081371195,2.4992968223269925,1.2955777782797981
282,4.666666666666667,0.666666666666667,-0.6044163739465631,-1.011525810712331,0.7,-0.7887170518093343,0.019629343754205764,2.5195428112633653,1.34344225596705
283,3.3333333333333335,6.0,-0.692789280572199,1.1296492978465131,0.7,-0.7970784316422983,0.015766937145339426,2.5382065783662084,1.3971696235915785
284,0.6666666666666667,6.666666666666666,-0.8695350938234709,1.3972961864163684,0.8,-0.8050255112111295,0.011590209939109012,2.5581812631398657,1.445709221317066
285,3.3333333333333335,3.3333333333333335,-0.692789280572199,0.059061743567091075,0.8,-0.8125711532025698,0.007132506623125163,2.576479890789238,1.497139259907933
286,1.3333333333333335,0.6666666666666666,-0.8253486405106529,-1.0115258107123313,0.7,-0.8197279677394032,0.002429556332790965,2.5961996242665135,1.5460687581242665
287,0.0,2.0,-0.913721547136289,-0.47623203357262006,0.6000000000000001,-0.8265083161991899,-0.0024811027996236917,2.6141455244325247,1.5950996818251229
288,0.6666666666666666,2.666666666666667,-0.8695350938234709,-0.2085851450027644,0.5,-0.8329243205910875,-0.007560723751172526,2.633625712084421,1.6441643451017367
289,0.0,1.3333333333333335,-0.913721547136289,-0.7438789221424755,0.39999999999999997,-0.8389878770607183,-0.012769961653130123,2.651230182743672,1.6906842268623985
290,0.0,4.0,-0.913721547136289,0.32670863213694656,0.39999999999999997,-0.8447106721075257,-0.01806948307341803,2.670485281533852,1.7396505442197547
291,0.0,1.333333333333333,-0.913721547136289,-0.7438789221424758,0.29999999999999993,-0.8501042002127864,-0.02342056229875155,2.6877585414349783,1.783538072932704
292,0.6666666666666666,6.0,-0.8695350938234709,1.1296492978465131,0.29999999999999993,-0.8551797817607912,-0.02878565480207804,2.7068021686571853,1.8321880853128942
293,0.6666666666666666,0.6666666666666667,-0.8695350938234709,-1.0115258107123313,0.19999999999999996,-0.8599485803486144,-0.03412893913489689,2.7237534889737356,1.8733141389345451
294,0.0,0.6666666666666667,-0.913721547136289,-1.0115258107123313,0.29999999999999993,-0.8644216187847217,-0.039416819090781964,2.7425986175836226,1.9214423973564854
295,0.0,3.3333333333333335,-0.913721547136289,0.059061743567091075,0.19999999999999996,-0.8686097932465429,-0.044618378315681224,2.759236522630947,1.9596727935772915
296,0.0,0.6666666666666667,-0.913721547136289,-1.0115258107123313,0.09999999999999998,-0.8725238851976627,-0.04970578006163417,2.777895735148936,2.0070858545751893
297,0.0,3.333333333333333,-0.913721547136289,0.0590617435670909,0.0,-0.8761745707795309,-0.05465460589631749,2.7942282448617637,2.042285810892302
298,1.3333333333333333,2.0,-0.8253486405106529,-0.47623203357262006,0.0,-0.8795724275153987,-0.05944412878801247,2.812714021637534,2.088804265076124
299,0.0,0.666666666666667,-0.913721547136289,-1.011525810712331,-0.09999999999999998,-0.882727938292889,-0.06405751765578545,2.8287489128815575,2.1208448746758086
300,0.6666666666666666,0.666666666666667,-0.8695350938234709,-1.011525810712331,-0.09999999999999998,-0.8856514926978996,-0.06848197198284468,2.847073934656087,2.166307845929343
301,0.0,5.333333333333333,-0.913721547136289,0.8620024092766575,-0.20000000000000007,-0.8883533858323289,-0.07270878658548392,2.862819002183735,2.195074811734885
302,0.0,3.333333333333333,-0.913721547136289,0.0590617435670909,-0.20000000000000007,-0.8908438147671783,-0.07673334831085929,2.8809964516494544,2.2393469489252773
303,0.0,1.333333333333333,-0.913721547136289,-0.7438789221424758,-0.20000000000000007,-0.8931328727904637,-0.08055506809772353,2.8964597553175766,2.264751779988358
304,0.6666666666666666,0.6666666666666665,-0.8695350938234709,-1.0115258107123313,-0.20000000000000007,-0.8952305416318908,-0.0841772529510369,2.9145036089609357,2.3077327247953447
305,0.6666666666666666,5.333333333333333,-0.8695350938234709,0.8620024092766575,-0.30000000000000004,-0.8971466818872452,-0.08760692285868424,2.9296936990558926,2.3297264204918005
306,0.0,2.0,-0.913721547136289,-0.47623203357262006,-0.30000000000000004,-0.8988910219067632,-0.09085457807139764,2.9476190041709898,2.3713625916578294
307,0.0,1.3333333333333333,-0.913721547136289,-0.7438789221424756,-0.20000000000000007,-0.9004731454290695,-0.09393392286046108,2.9625451182899853,2.3899514533686146
308,0.0,6.0,-0.913721547136289,1.1296492978465131,-0.30000000000000004,-0.9019024782307907,-0.09686155260385662,2.9803682519524335,2.430249485987065
309,1.3333333333333333,2.6666666666666665,-0.8253486405106529,-0.2085851450027646,-0.30000000000000004,-0.9031882740430494,-0.099656611494568,2.9950404792259504,2.445511828277908
310,0.0,10.0,-0.913721547136289,2.735530629265646,-0.20000000000000007,-0.9043395999780323,-0.10234042823411416,3.0127793900566715,2.4845521976665776
311,0.0,2.0,-0.913721547136289,-0.47623203357262006,-0.09999999999999998,-0.9053653217000658,-0.1049361365304131,3.027208802013297,2.4966538204943
312,0.0,0.0,-0.913721547136289,-1.2791726992821868,-0.09999999999999998,-0.906274088544091,-0.10746828563730501,3.0448832393443013,2.5346025709755415
313,0.0,2.6666666666666665,-0.913721547136289,-0.2085851450027646,-0.09999999999999998,-0.907074318736113,-0.1099624436906927,3.059081988963585,2.543808221957251
314,0.0,0.0,-0.913721547136289,-1.2791726992821868,-0.09999999999999998,-0.9077741848354755,-0.11244479430757684,3.0767137272732907,2.5809242995705453
315,0.0,1.3333333333333335,-0.913721547136289,-0.7438789221424755,-0.09999999999999998,-0.9083815995145936,-0.1149417260760934,3.0906951194674357,2.587601748155243
316,0.0,1.333333333333333,-0.913721547136289,-0.7438789221424758,-0.09999999999999998,-0.9089042018087278,-0.11747941548765274,3.1083081882376464,2.624236739904953
317,0.0,0.6666666666666665,-0.913721547136289,-1.0115258107123313,-0.20000000000000007,-0.9093493439910125,-0.12008340592200586,3.1220867240258876,2.628849336853885
318,0.0,2.0,-0.913721547136289,-0.47623203357262006,-0.20000000000000007,-0.9097240792493014,-0.12277818778670205,3.1397076535154054,2.6654359691582177
319,0.6666666666666666,8.666666666666666,-0.8695350938234709,2.200236852125935,-0.20000000000000007,-0.9100351503599581,-0.12558678743107846,-3.129886258796899,2.66852029928802
320,0.0,4.666666666666667,-0.913721547136289,0.5943555207068022,-0.30000000000000004,-0.9102889795661433,-0.1285303745838901,-3.1122281626271264,2.705547804723067
321,0.0,3.333333333333333,-0.913721547136289,0.0590617435670909,-0.4,-0.910491659866771,-0.1316278990746779,-3.098806984619425,2.7076767171962937
322,0.6666666666666666,6.0,-0.8695350938234709,1.1296492978465131,-0.30000000000000004,-0.9106489479018811,-0.1348957668412399,-3.081079315540658,2.7456554073121566
323,0.0,2.6666666666666665,-0.913721547136289,-0.2085851450027646,-0.30000000000000004,-0.9107662585858253,-0.13834756290197922,-3.0678102463402275,2.74739212021591
324,0.0,3.333333333333333,-0.913721547136289,0.0590617435670909,-0.30000000000000004,-0.9108486616007241,-0.14199382608719033,-3.0499770914094197,2.7868141583295816
325,0.0,4.666666666666667,-0.913721547136289,0.5943555207068022,-0.30000000000000004,-0.9109008798229843,-0.14584187774914717,-3.036840871091798,2.788667130087278
326,0.6666666666666666,0.0,-0.8695350938234709,-1.2791726992821868,-0.30000000000000004,-0.9109272897184632,-0.14989570468005317,-3.0188622746666,2.829972427310241
327,0.0,5.333333333333333,-0.913721547136289,0.8620024092766575,-0.30000000000000004,-0.9109319237127862,-0.1541558950403892,-3.0058385149286244,2.832360367858949
328,0.0,1.333333333333333,-0.913721547136289,-0.7438789221424758,-0.30000000000000004,-0.9109184745194152,-0.1586196252003183,-2.9876697462323376,2.8759144452978394
329,0.0,3.3333333333333335,-0.913721547136289,0.059061743567091075,-0.20000000000000007,-0.9108903013790807,-0.16328069495265576,-2.9747369252004288,2.8791467778429043
330,0.0,1.333333333333333,-0.913721547136289,-0.7438789221424758,-0.09999999999999998,-0.9108504381308273,-0.16812960841156005,-2.9563274556071546,2.925233243149428
331,0.6666666666666666,4.0,-0.8695350938234709,0.32670863213694656,-0.09999999999999998,-0.9108016030100703,-0.17315369791800078,-2.9434628594991783,2.92950631645353
332,0.0,4.666666666666667,-0.913721547136289,0.5943555207068022,-0.09999999999999998,-0.9107462100570554,-0.1783372883898548,-2.9247549140582936,2.9783327383236387
333,0.0,0.0,-0.913721547136289,-1.2791726992821868,-0.09999999999999998,-0.9106863820072053,-0.18366189969548574,-2.9119344951414967,2.983738397582199
334,0.0,3.3333333333333335,-0.913721547136289,0.059061743567091075,-0.19999999999999996,-0.9106239645102329,-0.1891064845761822,-2.892860976281756,3.035452239974663
335,0.0,2.0,-0.913721547136289,-0.47623203357262006,-0.19999999999999996,-0.9105605414925417,-0.1946476993720807,-2.8800590875730756,3.0419938595604465
336,0.0,1.3333333333333335,-0.913721547136289,-0.7438789221424755,-0.19999999999999996,-0.910497451453804,-0.2002602046687139,-2.86054055716142,3.0967049596360416
337,0.0,8.666666666666668,-0.913721547136289,2.2002368521259354,-0.19999999999999996,-0.910435804482254,-0.20591699325378307,-2.8477295089991927,3.104316354136005
338,0.0,0.0,-0.913721547136289,-1.2791726992821868,-0.19999999999999996,-0.9103764997793131,-0.21158974321183163,-2.8276697206484904,-3.1210617076058895
339,0.0,3.3333333333333335,-0.913721547136289,0.059061743567091075,-0.19999999999999996,-0.9103202434947222,-0.21724919400025008,-2.814819079748568,-3.112497879334848
340,0.0,2.666666666666667,-0.913721547136289,-0.2085851450027644,-0.19999999999999996,-0.9102675666847506,-0.22286554262910566,-2.794098201927257,-3.0514760421501976
341,0.0,7.333333333333333,-0.913721547136289,1.6649430749862244,-0.30000000000000004,-0.9102188432176554,-0.22840885594950056,-2.7811737109414842,-3.04211224416836
342,0.0,0.666666666666667,-0.913721547136289,-1.011525810712331,-0.19999999999999996,-0.910174307462379,-0.23384949404677122,-2.759637708246942,-2.977701030143469
343,0.0,0.6666666666666665,-0.913721547136289,-1.0115258107123313,-0.30000000000000004,-0.9101340716084856,-0.23915853878046264,-2.7465996234341783,-2.967711656479726
344,0.0,4.0,-0.913721547136289,0.32670863213694656,-0.30000000000000004,-0.9100981424775286,-0.24430822035410463,-2.7240428927780833,-2.899630523518845
345,0.0,0.0,-0.913721547136289,-1.2791726992821868,-0.30000000000000004,-0.9100664376984121,-0.2492723337857214,-2.71084338045897,-2.889201209528623
346,0.0,3.333333333333333,-0.913721547136289,0.0590617435670909,-0.30000000000000004,-0.9100388011318278,-0.2540266369022547,-2.686978736512156,-2.81698862881041
347,0.0,3.333333333333333,-0.913721547136289,0.0590617435670909,-0.30000000000000004,-0.9100150174415217,-0.2585492220092164,-2.6735576451802596,-2.806307432503446
348,0.0,1.333333333333333,-0.913721547136289,-0.7438789221424758,-0.30000000000000004,-0.9099948257229331,-0.2628208541703893,-2.6479605293244775,-2.7291916143190704
349,0.0,1.3333333333333335,-0.913721547136289,-0.7438789221424755,-0.30000000000000004,-0.9099779321126539,-0.2668252696395248,-2.6342381292151416,-2.7184414963669736
350,0.0,0.0,-0.913721547136289,-1.2791726992821868,-0.4,-0.9099640213151636,-0.27054942836203794,-2.6062323143907027,-2.635089254360127
351,0.0,3.333333333333333,-0.913721547136289,0.0590617435670909,-0.4,-0.909952766996382,-0.27398371492461954,-2.5920957837148526,-2.624441435983827
352,0.0,4.0,-0.913721547136289,0.32670863213694656,-0.5,-0.9099438410067435,-0.27712208324859816,-2.5604851084642637,-2.5323945515385904
353,0.0,0.666666666666667,-0.913721547136289,-1.011525810712331,-0.5,-0.9099369214097224,-0.27996214160733945,-2.5457602754320687,-2.522002812165863
354,0.0,2.666666666666667,-0.913721547136289,-0.2085851450027644,-0.5,-0.9099316993050065,-0.28250517562712285,-2.508055687384538,-2.41613507601692
355,0.0,4.666666666666667,-0.913721547136289,0.5943555207068022,-0.5,-0.9099278844488345,-0.28475610741775526,-2.4924364323078,-2.406133915869164
356,0.0,3.3333333333333335,-0.913721547136289,0.059061743567091075,-0.5,-0.9099252096873544,-0.2867233890225307,-2.4416810684184025,-2.2728009567959893
357,0.0,1.3333333333333335,-0.913721547136289,-0.7438789221424755,-0.6,-0.9099234342322358,-0.28841882817762343,-2.42448923827836,-2.2633321154935597
358,0.0,0.0,-0.913721547136289,-1.2791726992821868,-0.6,-0.9099223458211616,-0.28985734385943623,-2.3181038376102903,-2.034359158669269
