,mouse,date,str_name,pfc_name,Stimulus_related_firing_P_value_str,Movement_related_firing_P_value_str,Reward_related_firing_P_value_str,BG_firing_CC_with_PPD_str,BG_firing_CC_with_PPD_P_value_str,Response_magnitude_CC_with_PPD_str,Response_magnitude_CC_with_PPD_P_value_str,Stimulus_related_firing_P_value_pfc,Movement_related_firing_P_value_pfc,Reward_related_firing_P_value_pfc,BG_firing_CC_with_PPD_pfc,BG_firing_CC_with_PPD_P_value_pfc,Response_magnitude_CC_with_PPD_pfc,Response_magnitude_CC_with_PPD_P_value_pfc
0,AKED01,20210721,str_1,pfc_7,1.720738340272461e-08,4.690693039470936e-18,0.00013894089719078217,0.02813967059451327,0.6003409806545534,0.1264270680665045,0.018134137671456725,2.2255933661188525e-11,1.371978975584876e-14,0.3268749649101672,0.02333159543414791,0.6640229809142575,0.1702368436525009,0.0014118894981611674
1,AKED01,20210721,str_3,pfc_8,5.7849167026090625e-05,0.0006206538211204916,0.0005771050305589592,-0.15121797069332252,0.004638124778366595,-0.2696425078102249,3.1490289054092116e-07,0.02947687096932946,0.0011893198703578087,0.16868389517896842,-0.02035609728555722,0.7047188636607162,0.04615440536511681,0.39000941489005025
2,AKED01,20210721,str_5,pfc_92,5.417467959733134e-07,0.39870727553582885,0.9762179706404299,-0.08407078642228169,0.11694792600091464,-0.12218089187388839,0.02243637735158828,0.17244089975926435,0.48356457127285535,0.024876493748347054,0.0963563465834733,0.07220672790697062,0.10592339208908379,0.04801011728402873
3,AKED01,20210722,str_1,pfc_7,0.06245875712285082,0.19520503834532443,0.9566993362237992,0.1374659656158013,0.011046444562373208,0.16524165254847356,0.002204154003617707,0.05908145819430329,0.0918737035212076,0.2771773706961028,0.26252719158902516,8.807003543483291e-07,0.3481481229389783,3.756058421148694e-11
4,AKED01,20210722,str_15,pfc_12,0.686482926869945,0.6835101629465017,0.42845823454915577,0.15442899680800604,0.004257703294216052,0.16372740155242083,0.0024228807794193265,0.6991692813155825,0.24800072164664833,0.01153697009701524,-0.28274207451102146,1.0917573432552759e-07,-0.40971123502345663,3.0969894802918955e-15
5,AKED01,20210722,str_17,pfc_60,0.5561768565728155,1.2057238708028798e-07,0.0009512733130313913,-0.0513749808488662,0.3442296179132517,-0.2188217275216906,4.592287708681185e-05,0.5020092988028849,0.030510025706863154,0.7367997771876817,-0.10318498878259597,0.05697267127963584,-0.10145319862110794,0.06128887553231623
6,AKED01,20210722,str_2,pfc_82,0.0026506534785084132,0.03834446001711469,0.3320110759987972,0.10617106770992517,0.0501226728981461,0.08087869833440323,0.13609815071051,0.7793842369160319,0.0005276117264746343,0.0663922367388878,0.3191580227737395,1.6352781422377185e-09,0.3445799097522571,6.106187175745427e-11
7,AKED01,20210722,str_6,pfc_12,0.009493911668649255,3.836514232576891e-08,3.517405681275867e-05,-0.1703641006158932,0.0015910797944746326,-0.33411666028247,2.4510543214681483e-10,0.6991692813155825,0.24800072164664833,0.01153697009701524,-0.28274207451102146,1.0917573432552759e-07,-0.40971123502345663,3.0969894802918955e-15
8,AKED01,20210722,str_7,pfc_49,0.4195834341786222,1.7335193302662259e-06,0.00015728327906719197,0.30264396538527244,1.1810564209490363e-08,0.32365468792059665,9.343941006946065e-10,0.3189317446414277,1.594382456637826e-05,0.0006339090050916037,0.007588077477301473,0.8889678708953649,-0.23001776910012256,1.7898836241142424e-05
9,AKED01,20210722,str_7,pfc_51,0.4195834341786222,1.7335193302662259e-06,0.00015728327906719197,0.30264396538527244,1.1810564209490363e-08,0.32365468792059665,9.343941006946065e-10,0.3010266171951954,0.29377802983102574,0.939846557500147,0.2734550864143027,2.9094236624212663e-07,0.30668206676401716,7.365048526078663e-09
10,AKED01,20210722,str_9,pfc_73,0.0007299274620938116,0.0010363441027524335,2.963697067621263e-14,0.0337142921756817,0.5349518491077314,0.04060841800065958,0.4547995466317789,0.22122611244248702,6.273619560776766e-09,0.2338347071429575,0.037386702968510446,0.49139273422458174,-0.12722952519353026,0.01875443841344877
11,AKED01,20210722,str_10,pfc_26,0.007246968336489804,0.0007327238412874047,0.23956749960079138,0.22221489346546658,3.468911344091684e-05,0.34023239143651357,1.0947296696576034e-10,0.001887723216496545,0.05049331639391647,0.3314857790244983,0.34654360437750326,4.676922441511644e-11,0.3565798373583489,1.162394538407944e-11
12,AKED01,20210723,str_1,pfc_26,0.005370634501582973,0.41767293821639906,0.9298243639909307,-0.09271055651048668,0.06199553609355863,-0.14215359744145614,0.004103768449935072,2.1928561827309338e-08,0.21906910317216355,0.18652137916531386,0.09917451726702423,0.045816953617314214,0.11497962899487488,0.02048616858776503
13,AKED01,20210723,str_1,pfc_71,0.005370634501582973,0.41767293821639906,0.9298243639909307,-0.09271055651048668,0.06199553609355863,-0.14215359744145614,0.004103768449935072,0.017185245673974482,0.005830507162260936,2.401854539974291e-30,0.18427708809415333,0.00018872050802008788,0.15432078051596304,0.0018171727755918459
14,AKED01,20210723,str_1,pfc_10,0.005370634501582973,0.41767293821639906,0.9298243639909307,-0.09271055651048668,0.06199553609355863,-0.14215359744145614,0.004103768449935072,0.7267618131935778,0.940666222794642,0.3614075268785393,-0.1439345452960774,0.0036560546070825346,-0.2347935290172887,1.7235187482274137e-06
15,AKED01,20210723,str_27,pfc_13,0.7444408234103157,0.005339880934309899,0.38333789220925873,0.08202312798483627,0.0988598176393275,0.0948402632995474,0.05621151049752228,0.12929342049891268,0.003066397643963237,0.8042883949467114,-0.030222495855457644,0.5436998882268946,-0.09621944813366984,0.052710196382412075
16,AKED01,20210723,str_6,pfc_21,3.34919356895632e-06,0.00010135674307023331,0.04376425003898621,0.11194505414642791,0.024085012035048602,0.18602477304699158,0.00016344809253880603,0.15277061720100893,0.712727520436306,0.8421628667243535,-0.1365833598259919,0.0058419623802544104,-0.1621871081917624,0.0010393826924301477
17,AKED01,20210723,str_10,pfc_41,0.24491081598191955,0.27393487582338083,0.21950105215529092,0.07712108926541897,0.12078976887785897,0.09629107181109539,0.05253344177172783,0.9616853450462861,0.0017660547754523943,0.7211749626204651,-0.10880979926191309,0.028364379529862784,-0.10795822728054652,0.029633759057006874
18,AKED01,20210728,str_3,pfc_4,0.03492947834244121,0.00024011173279431052,0.7913800606612383,0.5741871869324158,3.9043203023703456e-33,0.6559814311820624,6.603042513928911e-46,0.5238557169746312,0.5337761480593621,0.02922471272594712,0.3047092286924535,3.243502006305545e-09,0.36129251580818667,1.3292182537959131e-12
19,AKED01,20210729,str_12,pfc_5,0.005683966523139716,3.248795557874551e-08,0.3658561256675428,0.018019423804942925,0.7417095248037799,-0.06890234770176007,0.20706425663310613,0.5120299082758244,0.8243720923281485,0.12978161066974847,0.033300968898356695,0.5423772217020276,0.019622470428711163,0.71965731750187
20,AKED01,20210801,str_12,pfc_39,0.0072088440390793845,0.17938967153840069,0.013744641554479615,0.0404426230562547,0.5003221438232605,0.1442510946287464,0.0157079392770687,0.055981027653396014,0.08708232160907918,0.646879057825988,0.18211055377110166,0.002218677629869111,0.23009080882136834,0.0001022510614776475
21,AKED01,20210801,str_15,pfc_87,0.5816148644696986,0.5893853408229477,0.5132360568800849,-0.019368738693325487,0.7469365379091775,-0.10238185974165721,0.08726429368222699,0.6263805177319108,0.9422568718545499,0.907561919830873,0.3089164120264678,1.3229954977963008e-07,0.39530162617733966,6.5667439018711486e-12
22,AKED01,20210801,str_2,pfc_25,5.201802253104461e-09,0.8727865656957876,0.8296601938960632,0.03201441950329463,0.5937262631798248,-0.1325887520092364,0.02651988818677215,0.569001529173205,2.2985103960178012e-05,0.4251772740272294,-0.10969354248546286,0.06682525305628861,-0.23993053537920128,4.986663849879978e-05
23,AKED01,20210801,str_9,pfc_29,0.14668033514091006,0.0011708291515889083,0.6741169703061481,0.25550980876704577,1.5017459484753892e-05,0.35339203667699054,1.1694838982740326e-09,0.4624185839920899,0.06827559876020432,0.14738520896942953,0.2725235410391276,3.697849553571507e-06,0.36005169397911474,5.390743058729926e-10
24,AKED02,20210729,str_6,pfc_25,0.3262509980765207,0.9596602566153667,0.14874603539043552,-0.1835792453512846,0.0013538547611969447,-0.19608197972442096,0.0006108853172047057,0.4245083412424586,8.026162195493692e-05,0.46906112925711285,-0.1996944509822513,0.00048093413760777964,-0.13942420221038976,0.015319313366936132
25,AKED02,20210730,str_13,pfc_67,0.5654417178607645,0.8129591173408021,0.21643212125307354,0.315604812956302,1.0124721580562544e-09,0.24630436305247283,2.3950902143486146e-06,0.27875380225767177,0.1252532421380398,0.1734600991880456,0.13477366858504342,0.01068681269515308,0.1488580167191531,0.004766315701690976
26,AKED02,20210730,str_21,pfc_59,0.5145042174802477,2.287559639513406e-15,1.0793576130097604e-05,0.28347790308871706,4.835816177549001e-08,0.5052540574274323,1.3599243482354012e-24,0.10265670235544366,2.1282740236129284e-10,0.0031015730391350973,0.13747251069197897,0.00920402296582505,0.14883695479219147,0.0047723219947182465
27,AKED02,20210730,str_30,pfc_16,0.02638910693302219,9.031884533710943e-08,1.4075992385689099e-05,0.12741752327733355,0.015853914225537988,0.13696047077253704,0.009470424052041383,,,,,,,
28,AKED02,20210730,str_40,pfc_16,0.49312868843707247,4.402491140440017e-14,0.00336901305081822,0.10324953387331604,0.05094290270470314,0.1808534903672459,0.0005853003094251895,,,,,,,
29,AKED02,20210730,str_50,pfc_20,1.0,8.418467296352094e-22,2.6882500248262727e-09,-0.2632638352727,4.345116226273471e-07,-0.45655055000117173,7.802056940936514e-20,,,1.0,-0.0024469021140991415,0.9632020791632194,0.011993388116295647,0.8210924782940289
30,AKED02,20210730,str_50,pfc_50,1.0,8.418467296352094e-22,2.6882500248262727e-09,-0.2632638352727,4.345116226273471e-07,-0.45655055000117173,7.802056940936514e-20,0.15799236969750052,0.04391104960970066,0.8534727861276885,0.215681352101588,3.86934815689903e-05,0.2460944129030429,2.4443933134861986e-06
31,AKED02,20210730,str_7,pfc_38,0.102656702355443,1.949565971079484e-07,0.6259265036131706,-0.0007365654781432847,0.9889195464433304,-0.013248013834943204,0.8027431683726233,0.8951476003144387,1.1154683599199702e-11,0.09395828074214851,0.14425884749294224,0.006251763498559653,0.23573623335589733,6.530705842951651e-06
32,AKED02,20210730,str_10,pfc_15,0.04029141264637262,1.4143120055287218e-34,7.589550634159595e-05,0.07791862038901412,0.14119072693661572,0.03266644688939964,0.5378410254295733,,0.019041455112300838,0.35818168017645524,-0.06440104055154128,0.22416570567260952,-0.047007405629987856,0.37518569928853296
33,AKED02,20210731,str_15,pfc_48,0.25399158721605564,0.08365981150054644,0.5482021107392201,-0.04236933487702559,0.4669641113827472,-0.07280139245266781,0.21093214248028536,0.27312392623669157,0.6512343779606017,0.06374963763345445,0.001695453131901155,0.9767882517069695,-0.057098970639921864,0.3267522548720969
34,AKED02,20210731,str_15,pfc_57,0.25399158721605564,0.08365981150054644,0.5482021107392201,-0.04236933487702559,0.4669641113827472,-0.07280139245266781,0.21093214248028536,0.3490328228453514,0.8360034364297214,0.9794115733784335,0.0038957847745679265,0.9466964423214059,0.03130180427913218,0.5910587410856485
35,AKED02,20210731,str_27,pfc_8,0.9582353517601349,0.4424675005418516,0.018039914984544006,-0.10298212122723278,0.0763959225386091,-0.06856128261737465,0.23880945347956029,0.6045213582007946,0.9512600290555248,0.1821040387211873,0.038633160545952054,0.5071820537758913,0.04265392890067235,0.46397446000099174
36,AKED02,20210731,str_32,pfc_40,0.004331852497542554,0.5200417451516237,0.02553893401320663,0.028067053347728594,0.6299806824219507,0.03316173767680875,0.5691894373056063,0.7863630369354266,0.5030396663818707,0.4160793540157578,-0.16799428308376668,0.003688803545955997,-0.18805475503692395,0.0011287009884399545
37,AKED02,20210801,str_1,pfc_21,0.1592289818410998,0.3175583641101709,0.053863408958331686,0.1920152862487278,0.00025772760888751367,0.2461430834030508,2.4328782512449226e-06,0.6303322245773106,0.0012316046009804653,0.0011670877659454395,0.33971095570614523,4.042004127037588e-11,0.5304003955830648,2.2966627264776766e-27
38,AKED02,20210801,str_15,pfc_59,0.9999999999999999,2.740146758165032e-09,0.020088711618561565,-0.2253017066875875,1.681542960813879e-05,-0.28992939408756047,2.3103922534866566e-08,0.33557580817368016,0.6643485730973913,1.8153082224126732e-05,0.027749593643185563,0.6007574835929979,0.10274178860465796,0.052099569199791175
39,AKED02,20210801,str_16,pfc_44,0.22937126652565587,5.74055254167884e-08,1.273282741372297e-10,0.01675432537409687,0.7520630487471229,0.028953103667873643,0.5850542112576123,0.7825510965150921,0.025490755046688397,0.651813318139141,0.10883643645541677,0.039571144124453776,0.09470951441763187,0.0734947475567589
40,AKED02,20210801,str_23,pfc_9,0.33760250956944315,0.558224688111455,0.37368143143923027,-0.20859858434416684,6.981896482226807e-05,-0.3367703363578606,6.079273874501235e-11,9.114955176897237e-12,1.2336316256616853e-27,6.949714038220685e-14,0.02277947649579079,0.6675184110542539,0.07665674197226167,0.1477648411096767
41,AKED02,20210801,str_30,pfc_4,0.2879264455223587,0.00046204708958686125,3.714910449173395e-06,0.03804073552515851,0.4730612894987458,-0.047850120563533466,0.36667575611705006,0.0020605480988324177,0.9068563767714025,0.002209106403185963,-0.2589290893333178,6.799804729020588e-07,-0.2857348935200844,3.742530364053329e-08
42,AKED02,20210801,str_44,pfc_61,0.7400969989055364,0.0670316127104696,0.07999656147178377,-0.17930292341799345,0.000653526698053035,-0.1940008219002124,0.00022164527031853727,0.02969682822093291,9.118626351572714e-06,0.15024581294249229,-0.23046817585812096,1.058568355176598e-05,-0.3175368406468072,7.902597547735015e-10
43,AKED02,20210801,str_44,pfc_9,0.7400969989055364,0.0670316127104696,0.07999656147178377,-0.17930292341799345,0.000653526698053035,-0.1940008219002124,0.00022164527031853727,9.114955176897237e-12,1.2336316256616853e-27,6.949714038220685e-14,0.02277947649579079,0.6675184110542539,0.07665674197226167,0.1477648411096767
44,AKED02,20210801,str_5,pfc_32,0.48757719737277994,0.7939151903375128,0.8990240038246322,0.18309651546225286,0.0004982211817711279,0.24885894447444007,1.8664291095037793e-06,0.31893174464142715,0.004685926914222284,0.011255760608769491,-0.4755446994358863,1.3374972995870995e-21,-0.5059711702488177,1.1418277713298307e-24
45,AKED02,20210801,str_59,pfc_29,0.038939402148647544,0.17267808208613045,0.458091837590195,-0.19462663501518285,0.0002112896807992417,-0.24963865505958777,1.7286932795651227e-06,8.821275138499853e-05,0.3466659387675264,7.448567587163229e-08,0.2592085047612681,6.607909706304404e-07,0.35342983512767523,5.683775515473383e-12
46,AKED02,20210801,str_59,pfc_60,0.038939402148647544,0.17267808208613045,0.458091837590195,-0.19462663501518285,0.0002112896807992417,-0.24963865505958777,1.7286932795651227e-06,0.21138730278120255,0.0003388845853136066,0.27431032715210335,-0.026286609938694413,0.6200974359108619,0.00246941512670234,0.9628637579751029
47,AKED02,20210801,str_61,pfc_41,0.29971400759736055,2.208792481331604e-05,0.2634161086020069,0.0881890543675509,0.09570801678665808,0.13621575458101026,0.009870103721712327,0.03211710949344595,0.02487790930447343,0.08186213177171098,0.12758195496921199,0.01571793793026995,0.17536545948399676,0.0008612342764524671
48,AKED02,20210801,str_64,pfc_41,0.1405593076229671,0.056861289198565805,1.2342838939027294e-21,-0.13990341086302918,0.008028032897233401,-0.13626209469341505,0.009844803755773901,0.03211710949344595,0.02487790930447343,0.08186213177171098,0.12758195496921199,0.01571793793026995,0.17536545948399676,0.0008612342764524671
49,AKED02,20210801,str_68,pfc_24,0.028500659736563797,0.0012394243557183964,0.003286991454190235,0.08833865972543402,0.09514424252223708,0.1135025841175865,0.03179314185913172,0.5654417178607645,0.33752388469649675,0.10901391824924878,-0.22208154191678553,2.231680981391578e-05,-0.20392350988982288,0.0001019814080714316
50,AKED02,20210801,str_68,pfc_91,0.028500659736563797,0.0012394243557183964,0.003286991454190235,0.08833865972543402,0.09514424252223708,0.1135025841175865,0.03179314185913172,0.3189317446414277,0.0010016664538159883,9.02194262665564e-11,0.2657376132225968,3.3530748795486685e-07,0.40646373796568736,1.1257756396010426e-15
51,AKED02,20210801,str_75,pfc_8,0.2686753310078721,0.00012142044980389457,4.033846337367645e-09,0.2126779367692821,4.981695816596873e-05,0.323482488928418,3.6453789981764717e-10,0.0842957941413839,0.0075748099939002495,0.2748066906021205,0.03426888149665111,0.5180721878356258,-0.007829911156459769,0.8826323928688353
52,AKED02,20210801,str_76,pfc_8,4.864807024585448e-07,0.05212471973557518,0.07483248966576816,-0.13142628796128084,0.012817149187583279,-0.10965837380879537,0.03809458902567253,0.0842957941413839,0.0075748099939002495,0.2748066906021205,0.03426888149665111,0.5180721878356258,-0.007829911156459769,0.8826323928688353
53,AKED02,20210801,str_79,pfc_86,0.06992243610286594,3.324447268664179e-05,1.2421796856097915e-05,-0.04706878961085452,0.3745617559013845,-0.16355337618800211,0.0019048227117475832,0.001646833530815117,0.00041448426175011134,0.24827769029282276,0.1959218919682041,0.000191277378109377,0.3041716468472861,4.232283324614153e-09
54,AKED02,20210801,str_85,pfc_61,0.6026496644038866,0.7691220139313559,1.901352921225048e-09,0.27470532471978865,1.2817270754539622e-07,0.4160340195529433,2.038289966081324e-16,0.02969682822093291,9.118626351572714e-06,0.15024581294249229,-0.23046817585812096,1.058568355176598e-05,-0.3175368406468072,7.902597547735015e-10
55,AKED02,20210803,str_1,pfc_20,0.02484787733191058,0.3817122168885302,0.04474125615826512,-0.05240200685533164,0.32077456673817306,-0.12952325094060219,0.013786086261845699,0.8186715435375672,2.117638711003228e-05,0.0007021646500872124,0.19365195890690734,0.00021413707741088953,0.2264177530946909,1.4019546846195678e-05
56,AKED02,20210803,str_11,pfc_9,0.012516314389972591,0.2935019477230555,0.7629812969042663,0.10641875278222061,0.043312355365705574,0.15443906852896577,0.0032627365444211354,3.921048266408902e-08,3.298865400451189e-07,0.7641141653195234,0.042148203334672084,0.42464224782112925,-0.09752255671388062,0.06418156354934794
57,AKED02,20210803,str_17,pfc_21,0.0016383366301676093,7.362344883940679e-06,0.19127437076529374,0.44422641656051537,6.845881235027522e-19,0.5611638248199872,2.4530599664111175e-31,0.04784533413968923,0.013876208958946078,0.0010608295080622688,-0.3581560220205177,2.292178613494723e-12,-0.3977290986304919,3.9299985292248225e-15
58,AKED02,20210803,str_25,pfc_23,0.0003552080093764626,4.454510571966228e-05,0.8289915116842204,0.2988715503535952,6.96470123150152e-09,0.31786544807951644,6.430757918879795e-10,0.3189317446414285,0.7077302085852296,0.5386010818667006,0.1790916700436877,0.0006293956244484764,0.2580916661325281,6.653720861881075e-07
59,AKED02,20210804,str_12,pfc_39,0.0195589155606246,9.681794565393075e-12,1.4158146038870914e-15,-0.08679488983494947,0.06674711913428452,-0.0986804274880437,0.037015825079572004,0.17657709813637468,0.2415197147699153,1.4788318913720496e-14,0.02285013562163924,0.6299364284195781,-0.05908990232329467,0.21243691632429218
60,AKED02,20210804,str_14,pfc_21,2.6753404257444756e-17,2.1770962643399544e-08,9.869745877456447e-06,0.07618123672624115,0.10772998209923013,0.2602654536035032,2.35404190379758e-08,0.024879768431717332,4.926107920656049e-08,4.87037678179154e-06,0.10899573210252855,0.02117515936125468,0.1629887026789325,0.000541219726754486
61,AKED02,20210804,str_2,pfc_12,0.49326350093650395,0.328149608988866,0.6547293749843555,0.09206487206064148,0.051756615038219746,0.1315827671720603,0.005331238044168021,0.14923279261846478,0.3955527499048427,0.05009404064632102,0.10197842027288256,0.031110884942009927,0.09191054738099813,0.05215185534263682
62,AKED02,20210804,str_4,pfc_30,0.060451952034293197,8.363275235636492e-06,0.01654077321051005,0.1887638680364117,5.9219118015153344e-05,0.24005504670692995,2.800233638559757e-07,1.0,1.8202106883292133e-09,1.1288049535911648e-17,-0.07793062591607039,0.09986090001110637,-0.1336378318125965,0.0046516744346893745
63,AKED02,20210804,str_5,pfc_16,1.5346602954708316e-05,0.2103840480554775,5.274121080033416e-06,0.28249141218249496,1.2011525214272917e-09,0.313284853939372,1.2323320626485669e-11,0.9478029562378443,0.09020498752550021,0.005263092898754325,-0.05864835483533285,0.21587962406354444,-0.15065573377310976,0.0014004758836930096
64,AKED02,20210804,str_6,pfc_29,0.012405375327629947,1.878344160741692e-14,1.7791939487743502e-07,0.013647689824279087,0.7735380832245481,-0.09316853468423827,0.049002236882804154,0.008198204986070021,2.554965453058784e-09,0.0012332945201741898,0.15616396894261547,0.0009237392319816562,0.33021903184256135,7.835359557991213e-13
65,AKED04,20210802,str_11,pfc_51,0.26594735319328877,0.18930781728577173,0.00819888129635639,0.4918096722210186,4.693477916943815e-26,0.6146498359673765,1.9334050097210742e-43,0.023057679845688822,0.0010422943010742292,0.15430175664190038,-0.008704022210533862,0.8613727522168502,0.13007046992839605,0.008775742590663226
66,AKED04,20210802,str_14,pfc_18,0.03849753028460921,0.17013215465241371,0.8306844667059602,-0.16143625621161994,0.001113296590419372,-0.1880871987119938,0.00014036838090886005,0.07285152640502127,0.0003778623179229457,0.18132199595475007,-0.1322710949063292,0.00768973285717712,-0.1774238906686681,0.00033315037429093597
67,AKED04,20210802,str_18,pfc_56,3.1267288707541676e-05,1.0346638276344748e-15,0.10783753419497222,0.012655751250787764,0.7995611912380342,0.15892173042488067,0.0013330465946752123,0.15521351873293088,0.0095069503377501,0.00113910229249288,0.027253367488087203,0.5844681627128596,0.042945573619310395,0.38869331502852045
68,AKED04,20210802,str_19,pfc_22,0.49454729656794805,0.0015621654898891483,1.1476867646392006e-06,-0.09101634018999649,0.06727885310565636,-0.14187028921607694,0.0042264943779019605,0.8721820832983435,0.6633675441785114,0.21875754925564717,-0.424162407631205,4.0683972461795762e-19,-0.45006025804440136,1.362718135368821e-21
69,AKED04,20210802,str_2,pfc_5,0.04458528905362561,0.16873535126795036,0.7549724196277835,0.044858156502042786,0.36789887120354636,0.09265432328274203,0.06247942362877522,0.09446741573560569,0.03848807404882909,1.8231879308998673e-09,0.07343824784273034,0.14012088603774908,0.11593147516945601,0.019609400621757193
70,AKED04,20210802,str_22,pfc_14,0.5742495418201139,0.7954106376920369,0.01760180509693719,-0.0993193373020699,0.04576800340047532,-0.10406945927130952,0.03629812655093949,8.30137976213026e-06,0.005137882212518739,0.021572744809848044,-0.01786576715812447,0.7199998715374432,0.08614032730020231,0.08338007936432049
71,AKED04,20210802,str_24,pfc_31,0.05732186970978848,0.9713302809834534,0.20743864748901197,0.06157993540424199,0.21622974496105196,0.015933158866796467,0.7492125400274419,0.05214318696121976,6.882573466495798e-06,0.0467137832741709,0.13723483940976228,0.005668563100535179,0.18731188627654777,0.000149716630952649
72,AKED04,20210802,str_27,pfc_40,0.6307828487916836,0.6630985384050989,0.7848786226331688,-0.08460153424769706,0.08906318305154459,-0.04441027341967793,0.37270549869123104,0.025666467350238236,0.0005656976076534938,0.41910065738671154,0.24001118192228932,1.0248047669528287e-06,0.3209200970014544,3.7360807697413275e-11
73,AKED04,20210802,str_31,pfc_32,0.7714917438695247,0.3799021799409822,0.9539962035310556,-0.6363483976720024,2.3327031095855986e-47,-0.6641218399036795,7.41053090214441e-53,4.1259433629089456e-05,4.243843628021408e-06,0.015938629230831572,-0.20198155254204608,4.230546484414354e-05,-0.23048025284469587,2.769096886715556e-06
74,AKED04,20210802,str_31,pfc_62,0.7714917438695247,0.3799021799409822,0.9539962035310556,-0.6363483976720024,2.3327031095855986e-47,-0.6641218399036795,7.41053090214441e-53,0.02125061703846907,0.017620923789286,0.06510002170844582,0.5809744783195909,6.274745421970616e-38,0.6659020272510477,3.1420740057471273e-53
75,AKED04,20210802,str_34,pfc_3,1.1011918170091058e-05,7.428416793414502e-07,0.0037157972547704338,-0.07149031570488915,0.1509721492438162,-0.09588870851473116,0.053829784991633364,0.45941484259830523,0.07661467813787085,0.6711570239674952,0.12805757722821443,0.009886523334536209,0.17594342608717556,0.0003742010758662089
76,AKED04,20210802,str_37,pfc_26,0.3535488383797474,0.31086811551179816,0.24817082594994677,-0.26442595951200476,6.609986582329026e-08,-0.32010444280238326,4.2117922112798634e-11,0.29420434208936075,0.0005207293355144329,0.4147173840290739,-0.06982025240126209,0.1607735799215877,0.04072887409790631,0.4136663821064708
77,AKED04,20210802,str_39,pfc_53,0.9286570054041854,0.4445551232074263,0.503624095695855,0.6317484097775159,1.677400134110892e-46,0.7054778218310281,3.116888221147969e-62,0.00898641268830503,2.974013403084805e-11,4.0901078505873826e-05,-0.16652532937952966,0.0007670463844296286,-0.052089246396585825,0.2956783648489886
78,AKED04,20210802,str_40,pfc_24,0.3447777484066359,0.27374498373417744,0.28018883581585596,-0.40467113969277113,2.1697940259541756e-17,-0.4924828916964877,3.929973907143522e-26,0.9760560662442644,0.6233067111301506,0.9755986324932823,0.14176441864023212,0.004255332084469705,0.27551677869326335,1.7303956595537344e-08
79,AKED04,20210802,str_40,pfc_66,0.3447777484066359,0.27374498373417744,0.28018883581585596,-0.40467113969277113,2.1697940259541756e-17,-0.4924828916964877,3.929973907143522e-26,7.991525678965504e-09,6.257520899950325e-08,0.018370080754800917,0.08990181802693724,0.07071420854959456,0.1259535600612351,0.011179316929391208
80,AKED04,20210802,str_41,pfc_6,0.1344233242627888,0.07070562221191659,0.5119232774763242,-0.48840984213751104,1.1436290874803477e-25,-0.5438403250743917,1.5012837258097142e-32,0.9999999999999999,0.8928734908466824,6.163441772158483e-05,-0.3352157332406691,4.309057205360247e-12,-0.41728433964380807,1.705086319291205e-18
81,AKED04,20210802,str_43,pfc_72,2.170911173506201e-09,0.8921446646076095,0.3826608664770722,-0.03008928408939146,0.545976423319734,0.02601409259426174,0.6016746823429888,5.245386392197118e-06,0.003795519053360656,0.9263699853575753,-0.3196084078877515,4.5294398529240585e-11,-0.4079984243301841,1.1208300039659126e-17
82,AKED04,20210802,str_47,pfc_46,0.5305155849819407,0.4978632558752911,0.16190235897039018,0.11685705402644951,0.018647727550159327,0.27468768582051173,1.916759566231907e-08,0.007417307139405554,2.749992310188834e-06,0.0001780178007196555,-0.029323428113384988,0.5562469285132186,-0.01052588361519272,0.832746467279869
83,AKED04,20210802,str_60,pfc_54,0.7910829282410738,0.17493416420035257,0.7063469075441564,0.05284629473966373,0.28870555382532126,0.09411827509939041,0.0584320958240229,0.4676449791437509,0.6230231008109749,0.10105111907138586,-0.3833013527893203,1.2702910965536004e-15,-0.4329270568188713,6.244079557475526e-20
84,AKED04,20210802,str_65,pfc_75,0.6389444617482244,0.0008561529581618269,0.5539162450094318,0.12069807213775305,0.015082771665287665,0.2267743747963844,4.029898948999654e-06,0.0067975713351067345,0.05982587572916044,0.02056760833486104,-0.07082757292362207,0.15480598524555778,-0.050445462672049565,0.3112023053960785
85,AKED04,20210802,str_7,pfc_27,0.032670291861197805,0.9332132439566142,0.0019291032037843019,0.5973024491881277,1.6094956976128255e-40,0.7186344537747231,1.4423789374993862e-65,0.010057016924357948,0.9160215465134055,0.7078850460940973,0.24121287865521207,9.013892833166161e-07,0.28134378581727704,8.351076389410577e-09
86,AKED04,20210802,str_8,pfc_11,0.49114029663966763,0.4835949269468893,0.7684359599287344,-0.4342097433942028,4.724415127442379e-20,-0.48454595860314553,3.1092102677462316e-25,0.4004414486662814,5.897689518543422e-06,0.3380701931707647,0.03731286492485347,0.453949539835408,0.07134807950737129,0.1517888217324178
87,AKED04,20210803,str_12,pfc_37,0.5459694656253262,0.004335354076507227,0.014211676236469111,0.11580766860199689,0.010144644671799735,0.130536377564865,0.0037257733394093326,0.811212241921864,5.543885785540934e-35,2.3586937555563603e-07,0.06661985095198784,0.1400564898713137,-0.04802906444271128,0.2876731024263628
88,AKED04,20210803,str_14,pfc_57,0.7681645753361948,0.2666981538725094,0.01135631728711622,-0.08749017518129,0.052451432796354114,-0.07581877671853068,0.09298012717713455,0.011745665024310133,9.463263199335096e-06,0.8065928482155904,0.2603465605751388,4.588275828727645e-09,0.3143164906039942,9.623651179143788e-13
89,AKED04,20210803,str_29,pfc_1,0.0005345224567779675,0.11191070660935354,0.2028153901451325,-0.40780092000962065,3.881972054537847e-21,-0.4741282935205199,6.08734931962027e-29,0.08023789011786336,2.2888488634038944e-06,0.3665671960319786,0.006879408230023394,0.8790242103736001,0.07180144722329118,0.11169160089348984
90,AKED04,20210803,str_31,pfc_14,7.376389185766486e-05,0.012814429919997844,0.257822563267588,-0.22658804147496275,3.7864112021878283e-07,-0.32083826000281235,3.051781741534604e-13,0.8992145567272721,0.027553817920973382,0.5155440116786306,0.04214631139869511,0.3508782838981531,0.04043088839044939,0.3708484019890822
91,AKED04,20210803,str_35,pfc_38,0.8683203265103123,0.4651446006169576,0.39756535765336554,-0.17661753602286187,8.195634978727269e-05,-0.19176643789792758,1.847422707712771e-05,0.3705786402739536,0.3894477189943586,0.9067902599487592,0.03818224071427719,0.3980678472494781,0.08109936519090846,0.07229488222101389
92,AKED04,20210803,str_39,pfc_9,0.012970965698966793,0.0004750795333326749,0.6427018546122083,-0.35108976397952174,1.0185870025230543e-15,-0.44877050480978525,9.386724445112831e-26,0.020542091841742924,7.557395514641413e-06,0.009225459926975741,0.2844630326757156,1.3023909167969075e-10,0.3638558404820202,7.576516328354972e-17
93,AKED04,20210803,str_4,pfc_67,0.5358228951639428,0.048836803712531525,0.0004604939272285778,-0.06572909396643972,0.1454456996114717,0.012006650017470115,0.7905068198858135,0.5641385419845857,0.004475994271068062,8.04249032326658e-05,0.3304501561645692,5.334108406229106e-14,0.38502690315618904,7.820008914629121e-19
94,AKED04,20210804,str_20,pfc_20,0.43102985988173104,0.20881534148105663,0.43511473771551445,-0.3056226075282382,2.6636853281384476e-08,-0.38358516486316974,1.3777913774169645e-12,0.5332579998712152,0.011044092922728217,0.002150792614711496,0.03272323293207536,0.5609731749818596,0.0226781511564636,0.6870448600159245
95,AKED04,20210804,str_5,pfc_55,0.2982639420355554,0.2923699170854175,0.42613261963263493,0.028244570156517254,0.6158155821910241,0.054788808667922406,0.3301018974400367,0.967679162220577,0.15221895584381628,0.004317198379163296,0.12449791437156649,0.026417609925518986,0.11546085500993679,0.03961503871586768
96,AKED04,20210804,str_6,pfc_69,0.1652847594405905,0.9116393943781671,0.8070269669035248,-0.5156633992094815,5.299106401972828e-23,-0.586388319068132,9.276036441858361e-31,0.023768014847277204,0.6650843911561775,0.0776780760840519,0.0925899511663899,0.099320761861725,0.09953761011637195,0.07632419179840813
97,AKED04,20210805,str_1,pfc_19,2.67275929592679e-06,0.00038187170818044396,0.1569804123946359,0.03233179073106178,0.4724895889838798,0.011660723882968628,0.7955964914704909,0.002000011282576653,3.224847219133872e-25,0.0003893502512614136,0.08358275761218559,0.06288050243500494,0.10462851805551723,0.019768726533441385
98,AKED04,20210805,str_12,pfc_13,0.14494498895912555,0.032218447738510105,0.0010099357584813734,0.013429196616378414,0.7654427226165813,0.019307306516928677,0.6679601903413466,3.792360494797243e-05,8.782668515587902e-06,0.024542848708947403,-0.22481601072991747,4.2110190816356033e-07,-0.4891552140453629,3.359042128119078e-31
99,AKED04,20210805,str_18,pfc_14,0.3847973467749589,5.1361442950850865e-08,9.935884560002921e-05,-0.005487711956541699,0.9029705322425531,-0.03262780154964078,0.46844265858775835,0.8260468077358581,6.660446479372766e-23,7.097042357718365e-13,0.0031149270685079675,0.944832131243863,-0.1999312735112544,7.229217462628481e-06
100,AKED04,20210805,str_2,pfc_9,0.6271809705919431,0.4024820537393574,0.08895871353794294,-0.1633301925856052,0.00025927834456747963,-0.20592537386421944,3.759443007807065e-06,0.09987752027481189,0.003733131391101765,0.05966509462438418,-0.2578107114954097,5.67709920739307e-09,-0.3445658175828229,2.8429292759368906e-15
101,AKED04,20210805,str_28,pfc_23,0.48219380718470306,0.21572233375505623,0.9849149094741342,0.0219726163136299,0.6254240076749822,-0.04409035862227817,0.32711673310810274,0.004331852497542618,4.824434583804171e-07,8.180977441324796e-13,-0.07515629046428275,0.094533751342887,-0.03940376313439885,0.38119889605222346
102,AKED04,20210805,str_28,pfc_5,0.48219380718470306,0.21572233375505623,0.9849149094741342,0.0219726163136299,0.6254240076749822,-0.04409035862227817,0.32711673310810274,0.019978854329948066,2.8000096404269503e-09,5.976097928793412e-07,0.09353897102736247,0.03729468782104015,-0.0054395373034837775,0.9038181754453068
103,AKED04,20210805,str_30,pfc_4,0.9999999999999993,2.1049744487818327e-10,0.00025144841762475437,-0.024509153668099512,0.5860634912684973,-0.009404121951466556,0.8345138720609251,0.026221089272305518,4.331746705028973e-05,8.990481328509388e-06,0.151868976405085,0.0006901757631261736,0.09201394351774916,0.04051840749612799
104,AKED04,20210805,str_6,pfc_25,0.4878046711197207,3.9397818760349804e-10,0.2880218882170824,-0.015612550377442004,0.7287026218771584,0.00553996872041391,0.9020511881249869,0.05522929889891686,1.1081849273499556e-07,0.03521437900438384,-0.2636033389557407,2.4966428811047706e-09,-0.481443451083862,3.831008738093388e-30
105,AKED04,20210806,str_4,pfc_18,0.08503737635539445,0.01293540984380175,0.015758047115286646,-0.10264805286385842,0.08700983344048185,-0.13964072435486247,0.019625469053139208,0.0006196829702436667,1.6402466094127465e-25,0.5854896945151089,-0.20428594064916103,0.0005964916655697924,-0.34433974449545446,3.474989639842518e-09
106,AKED05,20210715,str_12,pfc_16,0.00011521638121948818,2.8405076745881663e-05,0.45865522498283695,-0.08018733500111665,0.09757089601512547,-0.22828677614075416,1.8224091012085988e-06,0.9999999999999999,3.760282090865743e-06,0.8081154709299868,-0.04875740666250945,0.31424735200824305,-0.15680666582331923,0.0011350793967438457
107,AKED05,20210715,str_13,pfc_10,0.01948064237189869,1.998017715523359e-05,0.21428193173912202,0.01971537992682186,0.6842124311456439,0.31084225519697606,4.847673609805497e-11,0.41291745890416376,1.2450159064588435e-18,0.03904532372085755,0.20107047497628847,2.783567705194183e-05,0.43579975650898034,2.882368434730056e-21
108,AKED05,20210715,str_15,pfc_34,0.11047446931069282,0.0001414303578687517,3.0208813065027844e-15,-0.13697762807444896,0.004526642739302562,-0.21538018386147517,6.935462519664867e-06,0.01340427675340445,5.67080673660107e-18,0.8863489435789875,0.17395844003009814,0.00029923395029460704,0.3166173142799623,2.023406636983978e-11
109,AKED05,20210715,str_8,pfc_9,0.9692680842598164,5.777477876688878e-09,5.245519970270553e-05,-0.2203541424056522,4.182963729392689e-06,-0.18746850876276472,9.552663072655668e-05,0.9831481233174922,6.447068603892767e-07,0.96110478704693,-0.4898254688441057,3.278834719194696e-27,-0.47928544079508567,5.75254946680818e-26
110,AKED05,20210716,str_22,pfc_11,0.5169415985244601,0.06931042784093079,2.329780265748636e-09,0.02028823083849121,0.6571556554412997,-0.027062378218069776,0.553791347891177,0.10867187622986096,4.630640304084531e-15,0.0035355406104632782,-0.05376090986590991,0.23925448955084871,-0.30871587485224977,4.426075950811665e-12
111,AKED05,20210719,str_1,pfc_32,0.2986946286112412,5.066560468986151e-15,6.262735859830304e-11,-0.057045175348515303,0.2439597952030892,-0.08878425138438426,0.06944313522470352,0.8765078033429181,5.025120348432719e-07,0.0006318011844284157,-0.020928288903322628,0.6692639568904141,-0.03527257013571281,0.47147656172146024
112,AKED05,20210719,str_25,pfc_34,0.1805860455827153,9.30416624873725e-14,0.011494863181933697,-0.1163999460775457,0.01714249019275598,-0.14594900753119844,0.0027478020842778396,0.008994029488437255,6.830810446104179e-13,1.9476575279896635e-09,-0.055930075623156,0.2533150919790629,-0.11426771975770349,0.019300136514701395
113,AKED05,20210719,str_33,pfc_14,0.8437881608066269,0.04012629855810505,0.004099892789598289,0.06558945541224594,0.18024042948494023,0.12018621301646282,0.013826861108531572,0.22644095607986314,2.7084672197143943e-10,0.4355046443389333,0.013719826982884764,0.7794682521951845,0.04124970514275472,0.3996779879222996
114,AKED05,20210719,str_33,pfc_16,0.8437881608066269,0.04012629855810505,0.004099892789598289,0.06558945541224594,0.18024042948494023,0.12018621301646282,0.013826861108531572,1.0,0.004063166795473522,0.38159611367949875,0.06733088317062194,0.16892289402319904,0.05690324764130196,0.24513690453814696
115,AKED05,20210719,str_10,pfc_36,0.002015955963477869,0.01021754626202841,3.589269439170489e-14,0.07003383862789785,0.15242107376244995,0.07825135232812289,0.10972432598499715,0.4079316206790119,0.9586145094505513,1.3193168497454903e-05,-0.10347809319087348,0.03421715114196894,-0.056292881151337786,0.2502443456620175
116,AKED05,20210725,str_11,pfc_22,0.10905831930552334,4.4026692256594525e-08,1.4453101606262212e-09,-0.11662289297832704,0.033118302808319164,-0.19227174167463967,0.00040971206967002394,0.006255583771333645,4.573672693236715e-06,0.017451007750461073,-0.2464117525025497,5.191094007816414e-06,-0.32972986947595473,6.53153568761451e-10
117,AKED05,20210725,str_20,pfc_34,0.012661195441017183,4.844756650678847e-06,1.1285422355600214e-08,0.19017181656037765,0.00047507639139586353,0.23137405853928034,1.9481342021501953e-05,0.6872401006465532,0.7308471275044267,0.02138723847316614,0.23038726996133785,2.1183933838162004e-05,0.34539130920349326,8.618950604119612e-11
118,AKED05,20210725,str_2,pfc_74,0.020412851667112316,0.0018951861159132637,1.8176424790510102e-11,-0.03090363215006041,0.5735700131395269,-0.0005522111717259266,0.9919780494671369,0.03571562559429961,0.0008983110199192205,0.5094460723959113,0.44188988044544086,2.131850487425018e-17,0.5707814012504439,2.8958391708227837e-30
119,AKED05,20210725,str_32,pfc_49,1.0,0.43764483837768986,0.7599720341347126,0.22491394058929481,3.34933839161207e-05,0.29407261763524034,4.356073767079068e-08,0.09354377569163952,0.9378218872769012,0.000779614096402712,0.23718455248957693,1.1806523429942287e-05,0.2455018780763992,5.6374063345183595e-06
120,AKED05,20210725,str_33,pfc_5,0.43671721407246467,9.720424460851184e-05,2.0118272704754468e-20,-0.17843427067998407,0.0010562398715864994,-0.21388954983534053,8.147818875547441e-05,0.0002803438379157414,0.1202281072475695,0.006070823350619161,0.22722280888381927,2.7645590724409733e-05,0.23935371797823995,9.76115254712626e-06
121,AKED05,20210725,str_34,pfc_75,0.08325752502816886,0.35870856447908694,3.935574509378283e-08,0.06653972493368786,0.22518968900361702,0.11150760217632741,0.041691018724504585,0.6631691552657315,7.5779613059275865e-06,0.0017404373528364383,0.18430960876542637,0.0007123121605738162,0.27693541671930333,2.70180123094452e-07
122,AKED05,20210725,str_39,pfc_75,0.6389146339284436,1.7332154072569636e-09,2.106762730586286e-15,0.03341192591535749,0.542851972246171,-0.029679677151730127,0.5888512421202534,0.6631691552657315,7.5779613059275865e-06,0.0017404373528364383,0.18430960876542637,0.0007123121605738162,0.27693541671930333,2.70180123094452e-07
123,AKED05,20210725,str_44,pfc_65,4.8162820682474595e-22,1.442629074424545e-26,1.4815928406428414e-09,-0.27234486163148885,4.3155246919147617e-07,-0.37698810611131905,1.0139006460643366e-12,0.5946578961410505,7.070003956443886e-06,1.8852542572473968e-05,-0.15693123650822277,0.004038921540185559,-0.1969998457999482,0.0002919202670749641
124,AKED05,20210725,str_45,pfc_41,0.6562318183397761,1.5536785753829322e-19,1.0226661273934085e-06,-0.1934622611580772,0.00037647311942728355,-0.016337848062049857,0.7660958474655061,1.0,9.329535208856055e-06,0.0026030986773250627,0.1865255492466647,0.0006120539779772948,0.22615883364132433,3.0208890514735407e-05
125,AKED05,20210725,str_48,pfc_68,0.016076922677244553,0.0019428307596553206,0.0010041448241440108,0.11319543080974265,0.03867612895551406,0.1497697756832191,0.006099847015905499,0.021669430342348122,0.11144592588235402,0.0009544654517349284,0.15655506539156303,0.004129088644538142,0.19683276729355892,0.0002954779100977894
126,AKED05,20210725,str_5,pfc_18,0.6389146339284424,8.419212009608258e-10,5.6426687270762e-13,0.07541826213486559,0.1690970741915686,0.09336149150093545,0.08846154342843349,0.00012826592916009394,0.24760401153624256,1.22646187934505e-15,0.27205844984512534,4.44221534303113e-07,0.24841720310088572,4.32331132971655e-06
127,AKED05,20210725,str_56,pfc_31,0.4931286884370719,0.00015603561230495167,4.116071783991624e-13,0.10967934356077713,0.04517782123873823,0.13103732765999318,0.016567988396018623,0.711139910433797,4.563018678111405e-15,0.08255470690248692,0.1028552708861849,0.060424366177961916,0.16182445972488543,0.0030176406789122275
128,AKED05,20210725,str_59,pfc_18,0.1926996779474638,0.341281098565845,0.05937913724690131,-0.18836899266780185,0.0005387861386113825,-0.24156802179806086,8.023371119184646e-06,0.00012826592916009394,0.24760401153624256,1.22646187934505e-15,0.27205844984512534,4.44221534303113e-07,0.24841720310088572,4.32331132971655e-06
129,AKED05,20210725,str_62,pfc_22,0.3189317446414287,0.40024143855649996,0.0018674332784296773,0.04575432416554264,0.40456701302358766,0.027096101175829303,0.6217063595987895,0.006255583771333645,4.573672693236715e-06,0.017451007750461073,-0.2464117525025497,5.191094007816414e-06,-0.32972986947595473,6.53153568761451e-10
130,AKED05,20210725,str_65,pfc_63,0.007107972532391599,0.7473893857626501,0.08782077085976592,0.024016614937320366,0.6618667886054319,0.045528865484017945,0.4068887727912902,0.024847877331910625,0.46024099878385605,0.10951835703757151,-0.14242452422180066,0.009148748747618552,-0.14836615661100344,0.006600119321731993
131,AKED05,20210725,str_68,pfc_62,0.5145042174802471,0.20245905153648658,0.00026846541640276813,0.1684660103079664,0.0020056397144014196,0.2438143156198897,6.563709709090543e-06,0.0008668280530145586,0.0028455878961903287,3.1256971246542746e-05,-0.17120484710886658,0.0016873441760620013,-0.2250350973796561,3.3159471677730144e-05
132,AKED05,20210725,str_69,pfc_40,0.027103638522514382,1.827103443668054e-08,0.0012345974620588038,0.1354030764003886,0.013259566061182018,0.21112608894971546,0.00010110771905702469,0.002990869672655622,0.32600676821399777,0.012887277753751128,0.11221989778275404,0.04039534785291591,0.07784916625561333,0.1557338474902339
133,AKED05,20210725,str_70,pfc_15,0.7111399104337971,0.03408247418188808,1.6309604077360407e-11,0.2472164508522371,4.82462281937668e-06,0.31455963312266544,4.175480921214016e-09,0.20513468789200495,2.8644984299011363e-07,0.005752247616012615,0.06305556778128275,0.25047095569330335,-0.03581874628245929,0.5141646241810398
134,AKED05,20210725,str_7,pfc_72,0.6562318183397755,1.0856809716858804e-06,5.133324685950957e-25,0.1677845978764933,0.002092922492638212,0.25685665121084805,1.968131762847295e-06,0.8194235512562296,7.952807315196914e-09,0.00013046264081350943,-0.019362750288533324,0.7244081380702028,-0.040985170539309446,0.455343113542377
135,AKED05,20210726,str_13,pfc_32,2.2610620915731443e-10,0.11110110506279025,0.6081168392097367,-0.11659797744393297,0.017627784128138473,-0.08591375522133873,0.08080565515129208,0.13608733748416735,0.9089486025063033,0.23656494945317885,-0.13068322919433206,0.007758622005701023,-0.15399190615898578,0.001674757580734023
136,AKED05,20210726,str_13,pfc_43,2.2610620915731443e-10,0.11110110506279025,0.6081168392097367,-0.11659797744393297,0.017627784128138473,-0.08591375522133873,0.08080565515129208,0.4655240484031594,0.0056330586677114745,0.09765458641681501,-0.15313339779291152,0.0017790613971873951,-0.20045175005398597,3.9905376914495835e-05
137,AKED05,20210726,str_14,pfc_4,0.11631333550369038,0.48970679091291314,0.07532722129821333,0.048713037905350295,0.32278352734536897,0.05095793917870259,0.3009595316550715,0.008873960749219333,2.0647367187236612e-06,3.254529398085326e-08,-0.046778099950864835,0.34239912198393896,-0.0859287746888577,0.08075243475672576
138,AKED05,20210726,str_14,pfc_51,0.11631333550369038,0.48970679091291314,0.07532722129821333,0.048713037905350295,0.32278352734536897,0.05095793917870259,0.3009595316550715,0.264535441184251,0.0272938107849604,0.7645022170144624,0.18423497753832416,0.00016350298356373195,0.1853379694771001,0.0001490926802170762
139,AKED05,20210726,str_17,pfc_37,0.752992454906822,0.00566448908459387,9.353870033472729e-05,-0.0404837836933397,0.4113219854797313,-0.07408376473997019,0.1323516898021102,3.3720725505484156e-05,8.829325296569951e-05,0.0492493762758217,-0.16162419154598398,0.0009656538291572863,-0.27596522271079926,1.1342444886786817e-08
140,AKED05,20210726,str_2,pfc_1,0.2548552221329684,0.1049175359254878,1.8572417460125167e-07,0.00017001492193712,0.9972482351171332,0.02652153268859895,0.5905104808634707,0.07120753146575477,0.7756137582345523,0.11348211382824669,-0.0583098150475464,0.2364726415523416,-0.06381766759140779,0.19501246142611117
141,AKED05,20210726,str_21,pfc_7,6.965658519574215e-23,0.027348750538261322,1.539051710403733e-07,0.012273341621400539,0.8033763409482675,-0.12033892734911546,0.014283981573552759,0.47487681002867554,0.23292738296284798,0.013481844947489737,0.06343341950575994,0.1977201111295387,0.11314706575235389,0.021299084485593096
142,AKED05,20210726,str_22,pfc_49,1.9737094283017005e-08,0.017829721479379525,0.0020768336343881975,-0.1206822955512634,0.014007008166184678,-0.12392388684381109,0.011616371148127158,0.20722494423483873,0.7752739435375355,0.9131764559670915,0.17230334777822945,0.00042890605987979866,0.18526128374622672,0.0001500546982583494
143,AKED05,20210726,str_22,pfc_6,1.9737094283017005e-08,0.017829721479379525,0.0020768336343881975,-0.1206822955512634,0.014007008166184678,-0.12392388684381109,0.011616371148127158,0.10645090766519749,1.8635769138073357e-05,0.34045887576111655,0.08466746581897164,0.08532161029417595,-0.0434526499684104,0.3778449343409539
144,AKED05,20210726,str_24,pfc_7,0.2797408828778558,0.10158522441323659,0.4324398688433009,0.08975226442508173,0.0680991297379749,0.1270460096612661,0.00966242764820899,0.47487681002867554,0.23292738296284798,0.013481844947489737,0.06343341950575994,0.1977201111295387,0.11314706575235389,0.021299084485593096
145,AKED05,20210726,str_27,pfc_32,5.235267067899318e-08,0.054028391190117216,0.2560083973577254,0.09279681757263106,0.05922768454136648,0.13177765492199775,0.007255375112050932,0.13608733748416735,0.9089486025063033,0.23656494945317885,-0.13068322919433206,0.007758622005701023,-0.15399190615898578,0.001674757580734023
146,AKED05,20210726,str_28,pfc_12,0.15717397684153345,0.828081544643072,0.6995818004926875,0.10499234447551985,0.03270183161802802,0.1521373861345261,0.0019075075197682494,0.03377695861870147,0.14140372410696223,0.00924907280163989,0.013867975388190908,0.7784558204743377,0.09048226688201384,0.06587847797406043
147,AKED05,20210726,str_28,pfc_15,0.15717397684153345,0.828081544643072,0.6995818004926875,0.10499234447551985,0.03270183161802802,0.1521373861345261,0.0019075075197682494,0.0013313340429223946,2.7436318343365188e-05,2.401831476005935e-05,-0.11250719662549445,0.022048289465056665,-0.10595805471394416,0.031124285763642862
148,AKED05,20210726,str_8,pfc_27,0.01753276433637048,0.0013434251929477661,0.0016045127917015724,-0.10747423510128659,0.028778898548524917,-0.1502220969432313,0.002178630706149643,2.0277786809858404e-08,0.9465939713972216,0.09658768968703868,0.17145446798951247,0.00045829838456053245,0.18201283776649493,0.0001965863999126693
149,AKED05,20210727,str_17,pfc_32,,5.595019936724673e-31,5.53833013440229e-14,0.23695686008978809,5.490000451040724e-09,0.19543383007564447,1.690636168319065e-06,0.1735008198555421,0.0007173440265159985,0.15910737679476272,0.24123527394591981,2.848849946833556e-09,0.33728711303171166,3.440706758841174e-17
150,AKED05,20210727,str_22,pfc_25,0.00048224766333419095,0.01331753897164139,3.827749223650967e-15,0.22931294122592166,1.7182779733321538e-08,0.2778784885819301,6.114604995262194e-12,0.4987334629930036,0.0003914817240868181,0.0012998635131638522,-0.29493389863803726,2.512925090352586e-13,-0.3295592055821964,1.940834441105937e-16
151,AKED05,20210727,str_4,pfc_29,1.3437408895698543e-08,3.604692926801763e-10,0.0005153344834976619,-0.03615724494148627,0.3802550935029755,-0.056767497724069305,0.16813055555059786,0.928800608073199,0.046763696522618074,0.8408095332932577,-0.18088541470157457,9.659724657936366e-06,-0.19253054309145476,2.4196839327251064e-06
152,AKED05,20210727,str_6,pfc_12,0.0016477691538430406,3.7403650996034697e-17,1.1109437175242607e-26,0.02766436452118956,0.502068326641661,0.06545230972444917,0.11194442913459046,0.08325752502816786,1.0446242302228084e-05,0.43165359346662446,-0.3435747478356968,8.119402586862197e-18,-0.43619767303015233,7.592599188689027e-29
153,AKED06,20210803,str_12,pfc_50,0.5567820721210698,0.06167451145307834,0.5483675843844766,-0.07824307406560177,0.1389817495916883,-0.16348868304580752,0.0018848482551837747,0.03844334940449196,4.09424408345013e-18,0.021829174255728875,0.008622890529792393,0.8706651263472031,0.1904859769976469,0.0002835333998753301
154,AKED06,20210803,str_14,pfc_20,0.14302130603186258,0.03873023019395253,0.5448324414897354,0.07178719533602054,0.1747236512017767,0.1312102418790132,0.012840053100257922,0.014966368579525975,0.015161239648982739,0.000248705738371623,0.40873811435646457,6.869611118401125e-16,0.47472528102599887,1.4083863191247967e-21
155,AKED06,20210803,str_9,pfc_3,7.085062130095804e-12,1.6973270676415493e-11,0.0010638524371238175,0.09026431229673917,0.08767572609231644,0.14408441506796835,0.006242330279139756,0.3271144107198679,0.6477169136562418,0.014202340055128356,0.0252247690086908,0.6338249498077124,0.023108755480517787,0.6625612613743592
156,AKED06,20210804,str_1,pfc_26,0.9492624594650257,0.8149577514978559,0.6864484192853273,-0.06150243227521331,0.2518268679321187,-0.07746511185341318,0.14869770369009305,0.031616223236904925,8.065804219869849e-05,0.5361369970811085,-0.10014446161238541,0.0616448522394423,-0.16731459643122495,0.001709074864359359
157,AKED06,20210804,str_11,pfc_59,0.061525978740488756,0.42953450217700884,0.1807806912006018,-0.02277201612596002,0.6716058260504221,-0.025338204756146315,0.6371164713594692,1.9864046754238979e-19,8.053359798145578e-14,0.1889114715374116,0.13214559760786523,0.01348598449594803,0.25319998268062044,1.655402876751973e-06
158,AKED06,20210804,str_12,pfc_31,0.9523709594093592,0.3228016657899192,0.18582330504774613,0.011310886094513943,0.8332357367375774,0.08186775057549149,0.12688730888771627,0.8021715752887798,5.279791215086564e-06,0.7655986816797479,-0.1511550033201909,0.0046554491355155795,-0.17660474178205557,0.0009213802976119084
159,AKED06,20210804,str_16,pfc_89,0.9002383099945327,0.4589120155978623,0.8469828068017237,0.05821431607300068,0.27812032263087727,0.15486576178631514,0.0037284270152338453,0.06700469957676641,0.185028790815166,3.198074173842611e-09,-0.13979150155179082,0.008922646801458742,-0.15042378876177254,0.004860944918898233
160,AKED06,20210804,str_19,pfc_89,0.9124376266912031,0.37174473117664353,0.13068739825473275,-0.013754962634646829,0.7979090295025296,-0.07509319601401056,0.16157294619595175,0.06700469957676641,0.185028790815166,3.198074173842611e-09,-0.13979150155179082,0.008922646801458742,-0.15042378876177254,0.004860944918898233
161,AKED06,20210804,str_20,pfc_64,0.423989558498748,0.207999367564342,0.45688088790753467,0.047810654570209686,0.37320727197685766,0.05706904213038268,0.28770054437710846,2.2146165693604853e-09,0.7324693260948827,0.013592948611492035,0.0604508267657746,0.2600413359991681,0.0524600705773515,0.32847407508827764
162,AKED06,20210804,str_27,pfc_83,0.5889800278321937,0.04094695680762695,0.44606800265621194,0.08077434864584984,0.13205753246914254,0.05291420939343622,0.3242983689482769,0.9999999999999998,0.411857285977549,0.9521860372089253,0.190737090693998,0.0003391091340347296,0.2389266390385162,6.39065823801789e-06
163,AKED06,20210804,str_28,pfc_49,0.558050736697679,0.039573224332717184,0.41359612852285665,-0.025580489099985886,0.6338987944720009,-0.03359708500682094,0.5315968591398244,0.0007112050840403216,0.0003539233866183904,0.19521550839252355,-0.0733505625216817,0.17155388671787164,0.015449602279836511,0.7736498057188732
164,AKED06,20210804,str_31,pfc_85,0.07466346224518837,0.9577459848676187,0.8768070425517746,0.006226469589497572,0.907728730659721,0.054480829983258955,0.31015901389415623,0.6359509456845392,0.04844864902176254,0.0462120280746092,0.12283591169026863,0.02171994419037385,0.23133215819891223,1.2683553049839774e-05
165,AKED06,20210804,str_33,pfc_86,0.5378819602214335,0.19201163459144088,0.0008017607528473911,-0.059144305550825255,0.27050179345111347,-0.054933259983591595,0.3061522421981008,0.24912811283606262,0.012476603483375395,0.001786319829737869,-0.06174060522120947,0.2499917167849548,-0.0879846624337392,0.100802384653075
166,AKED06,20210804,str_4,pfc_86,0.5368207691849447,0.017722329363551968,0.8793191211507095,-0.0284845489251735,0.5958804911392164,-0.0378928834284661,0.4804298943354377,0.24912811283606262,0.012476603483375395,0.001786319829737869,-0.06174060522120947,0.2499917167849548,-0.0879846624337392,0.100802384653075
167,AKED06,20210804,str_46,pfc_23,0.13379648860568027,0.561647198250995,0.4867332628609775,-0.06733149696196934,0.20956304058835806,-0.11248434781111147,0.0356837597922547,4.95676080224465e-07,1.017506103805891e-06,0.001155215245286603,-0.0481948819073648,0.3693741302817283,0.025099672209489932,0.6402909912597781
168,AKED06,20210804,str_46,pfc_50,0.13379648860568027,0.561647198250995,0.4867332628609775,-0.06733149696196934,0.20956304058835806,-0.11248434781111147,0.0356837597922547,0.38451618401634113,0.10919255384711624,0.0043848104038798205,-0.20946707776621504,8.048298977516926e-05,-0.21496376428447264,5.146347554471036e-05
169,AKED06,20210804,str_46,pfc_85,0.13379648860568027,0.561647198250995,0.4867332628609775,-0.06733149696196934,0.20956304058835806,-0.11248434781111147,0.0356837597922547,0.6359509456845392,0.04844864902176254,0.0462120280746092,0.12283591169026863,0.02171994419037385,0.23133215819891223,1.2683553049839774e-05
170,AKED06,20210804,str_47,pfc_29,0.0024456444670121896,0.9652893360442877,0.025614577077505554,0.06971814221077208,0.19382339617103095,0.13620773185626583,0.010855264566012136,2.3314039395480985e-07,0.4152773136640122,1.2590340874304334e-11,0.16334655128587072,0.0022044908119654024,0.15974996925537693,0.0027632889545236633
171,AKED06,20210804,str_5,pfc_78,0.497241200361359,0.37784539689820884,0.13012958068992253,0.05511201442527654,0.3045786294691286,0.052764760175299415,0.3256687055684937,0.11146613631457059,0.6788555091418131,0.042434392878135836,0.13962695856181026,0.00900418413844237,0.18444461426870584,0.0005339772060008953
172,AKED06,20210804,str_56,pfc_71,0.007501809191125239,0.0001436852279770173,0.00031134137163772073,0.07540035795420884,0.15985987503765697,0.12069878548663521,0.02413333188795597,0.5616399493153521,0.0007388572726518229,0.0006294751062773885,0.025590277881741386,0.6337689379625036,0.160897249226542,0.0025724183757809193
173,AKED06,20210804,str_6,pfc_15,0.41162926816905243,0.06060963416892632,0.006867464948042035,-0.012753264386075663,0.8123421821616978,0.06818146359599758,0.2038552172125755,0.30505599680406004,0.18997462806122356,0.8066282060986335,-0.16944171717504744,0.0014876618934391078,-0.21863750644953284,3.7922991908909976e-05
174,AKED06,20210804,str_63,pfc_34,0.4983323780400414,0.2757627726465519,0.36533034216862004,-0.028993277580355276,0.5893284511023728,-0.048973872855552006,0.3616778620712525,0.9279257264898294,0.0005891346433857032,0.006875054905329853,0.0829093157374191,0.12210943084574732,0.08748480472800647,0.1027601221436365
175,AKED06,20210804,str_70,pfc_80,0.16460185292965102,0.634564727714497,0.9563477333445892,0.055760093900138814,0.2989183497537148,0.10785122703937836,0.04406464346240895,0.0004274865343719086,0.1295252452795589,0.3837154008863035,0.051248614348953794,0.33978214748148106,0.030415170293066212,0.5711933710991108
176,AKED06,20210804,str_75,pfc_81,0.10857508342925659,0.4845895295615458,0.0014155265790933005,-0.14560000270744078,0.006433868514051279,-0.15341035198126796,0.0040700144743216265,0.3241205558345015,0.281092549696374,0.8478265693404003,0.09910311472238434,0.06441280023181167,0.19346878651327562,0.0002771864711187956
177,AKED06,20210804,str_77,pfc_66,0.30259432882858983,0.022138774317857327,0.00433485654075111,-0.11424533674910857,0.032874516390828126,-0.0015603723756811463,0.9768282217997744,0.09621199537181946,0.28232953417465256,0.0012584991155115126,-0.12076152394040768,0.024059314436689436,-0.09364762928513515,0.08062922088442626
178,AKED06,20210804,str_90,pfc_22,0.29479691198865965,0.26383858752800105,0.4172858385121495,0.069873670840741,0.1928285393497664,0.11582005811495234,0.03052428900037232,0.4849105210617125,0.23149304678944715,0.01318896652819048,0.1298120250639706,0.01523832938178465,0.09084284526213428,0.09017008312610664
179,AKED06,20210804,str_92,pfc_75,0.3237870114537751,0.7712196051850535,0.8577639405340339,0.10578267470157945,0.048309330259089275,0.28608825640951874,5.3429063921761746e-08,0.7079014226259184,0.8204984479405455,0.0035113563210183913,-0.15126825025647428,0.004624333006696431,-0.29331878409593526,2.3603903104842836e-08
180,AKED06,20210806,str_36,pfc_11,0.6787702334253056,7.807944618297577e-07,0.8130475505351338,0.08601487272550107,0.04512956095159189,0.14904508792326204,0.0004929089804694387,0.7140158894147992,0.017603044558224194,4.223566250867059e-06,0.04141067581002423,0.33546927065885934,0.1266289791200115,0.0031179741788287547
181,AKED06,20210806,str_4,pfc_11,0.0021512870086053634,4.422690997789137e-05,0.18051682107235267,-0.13628641778364847,0.0014558568590992262,-0.16717319043821327,9.073063700274396e-05,0.7140158894147992,0.017603044558224194,4.223566250867059e-06,0.04141067581002423,0.33546927065885934,0.1266289791200115,0.0031179741788287547
