,time,reward_probability,wheel_velocities_rewarded,wheel_velocities_rewarded_sem,wheel_velocities_unrewarded,wheel_velocities_unrewarded_sem
0,-0.5,0.0,0.15380899060234024,0.0046279488094617665,0.11961812930018503,0.004316694657225164
1,-0.495,0.0,0.1532007010926085,0.004688442464423725,0.119143251067926,0.00429750827978262
2,-0.49,0.0,0.15239886678867343,0.004711535086549055,0.1182424694758426,0.004227734853535117
3,-0.485,0.0,0.15089343091567853,0.0046701459522315615,0.1171523723318789,0.004186492917703168
4,-0.48,0.0,0.1508431943389012,0.004699887527471323,0.11665784731153919,0.004155683740004463
5,-0.475,0.0,0.14974782190288827,0.00462390510713249,0.11619767882850189,0.004111058416154376
6,-0.47,0.0,0.148426044034937,0.004583321342079605,0.11653232198884181,0.004156881569852885
7,-0.46499999999999997,0.0,0.1466647687439589,0.004535486380619289,0.11616322749870867,0.004176066068197264
8,-0.45999999999999996,0.0,0.14722049851896934,0.00455256151873018,0.1172951509618946,0.004270352098737913
9,-0.45499999999999996,0.0,0.1454700613722321,0.004488852540862457,0.11675115721545086,0.0043141971306162805
10,-0.44999999999999996,0.0,0.14555404084353218,0.004509097924794418,0.11694138538242926,0.0043677858260256115
11,-0.44499999999999995,0.0,0.14445159721042486,0.004459729694619821,0.11718481047029389,0.004439607359377023
12,-0.43999999999999995,0.0,0.14459724775090158,0.00446595462852723,0.11662543532311982,0.004460375842024421
13,-0.43499999999999994,0.0,0.14383775939049379,0.004483146539823619,0.11649918257914785,0.004494314302752157
14,-0.42999999999999994,0.0,0.1428290735926676,0.0044269704146611705,0.11667543618784519,0.0045232524673542
15,-0.42499999999999993,0.0,0.1431664955992468,0.004459196531884564,0.11647320038903243,0.004530548113825103
16,-0.41999999999999993,0.0,0.14332927007055524,0.004477845076358434,0.11684210008644455,0.004522047395514002
17,-0.4149999999999999,0.0,0.1439181133188199,0.004545882334452547,0.11568693262316744,0.004519671846356192
18,-0.4099999999999999,0.0,0.1443141637807908,0.004595478191063574,0.11385552023347266,0.004405976378638484
19,-0.4049999999999999,0.0,0.14569504842423833,0.004704823364229814,0.11313906489536073,0.004370260334779041
20,-0.3999999999999999,0.0,0.14666977715847068,0.004810034559017551,0.11192594173394763,0.004332285815868316
21,-0.3949999999999999,0.0,0.1457866794011547,0.0048397889946639175,0.1124959038490806,0.004372352592474466
22,-0.3899999999999999,0.0,0.1453241090397522,0.004854103055722354,0.11125105453310809,0.004321829235247986
23,-0.3849999999999999,0.0,0.14572688781671803,0.004882515602704589,0.11171510741607767,0.004375184359811863
24,-0.3799999999999999,0.0,0.14617342614009765,0.004907271428932952,0.11194036587186305,0.004387419052618262
25,-0.3749999999999999,0.0,0.14457738715679008,0.004879639644579152,0.11207308932219645,0.004394078434213169
26,-0.3699999999999999,0.0,0.1435459351236184,0.004846129611405266,0.11172428256304215,0.004381874804584671
27,-0.3649999999999999,0.0,0.14302977176369427,0.0047948322901475255,0.11204194236532941,0.004436394188964251
28,-0.3599999999999999,0.0,0.142056304940388,0.004728561915092345,0.11140289531262039,0.004437428386008777
29,-0.35499999999999987,0.0,0.14170415658121469,0.004717458964138726,0.11148901868793204,0.00442792357068701
30,-0.34999999999999987,0.0,0.14128876199359813,0.004674796845316428,0.11174407141954604,0.004439307087499507
31,-0.34499999999999986,0.0,0.14164329594073946,0.004630764222471294,0.11219365531147683,0.004475883982401703
32,-0.33999999999999986,0.0,0.14153772910472737,0.004551334419012657,0.11159733077676509,0.00451403742128437
33,-0.33499999999999985,0.0,0.14171973914342068,0.004531133491985932,0.11264695567749156,0.004577352507348826
34,-0.32999999999999985,0.0,0.14066230526406695,0.004450436183366623,0.11248831955651126,0.004534931881263502
35,-0.32499999999999984,0.0,0.13985204983109856,0.004493487399502411,0.11276374216418084,0.004526811924839844
36,-0.31999999999999984,0.0,0.13807892832083066,0.0044250563898941605,0.1136215612312166,0.00461360885473455
37,-0.31499999999999984,0.0,0.13735128427678353,0.004383700618321799,0.11322560288880705,0.004611774292004235
38,-0.30999999999999983,0.0,0.13564185628717276,0.0043355939060557335,0.1139525918369834,0.004584578247259868
39,-0.3049999999999998,0.0,0.13554513018995307,0.004361643471621768,0.11367678363679447,0.004522647251854766
40,-0.2999999999999998,0.0,0.13449544151196272,0.004308314971001614,0.11410530603084326,0.004555502498423176
41,-0.2949999999999998,0.0,0.13427610723960046,0.004301793672357747,0.1138189633227818,0.00451051894338514
42,-0.2899999999999998,0.0,0.1345199262957873,0.0042954274557180806,0.11473081706714888,0.004516116119983827
43,-0.2849999999999998,0.0,0.13432330039703505,0.004284032759979387,0.11454507256459173,0.004534186258473843
44,-0.2799999999999998,0.0,0.13582346063057832,0.004271419744261908,0.11422913477024618,0.0045527047363202455
45,-0.2749999999999998,0.0,0.13688886315541138,0.004299801927575389,0.11391806101253488,0.004576336840230816
46,-0.2699999999999998,0.0,0.13725834848305388,0.004333188863907566,0.11457085462318292,0.004589741219477051
47,-0.2649999999999998,0.0,0.13874188383400948,0.004397046556559686,0.11467233086906523,0.00456399183140561
48,-0.2599999999999998,0.0,0.14010994407455116,0.004476657960875335,0.11611122820368004,0.004649650713482212
49,-0.2549999999999998,0.0,0.14163666110106837,0.004538137673639304,0.11666777768257473,0.0046900252804885035
50,-0.24999999999999978,0.0,0.14339867363964123,0.004657975416348818,0.11841898198267636,0.0047895198664498345
51,-0.24499999999999977,0.0,0.14455161898313149,0.0047180060566669,0.12037140336712729,0.004872946939516498
52,-0.23999999999999977,0.0,0.1444847854163512,0.004709093270189953,0.12276157181467733,0.005010779677477916
53,-0.23499999999999976,0.0,0.14657738488827807,0.004821369747083274,0.12471331995733509,0.005063514479683352
54,-0.22999999999999976,0.0,0.14769183338177427,0.0048903657238231705,0.12556312720872728,0.00514374159810682
55,-0.22499999999999976,0.0,0.14974654393498293,0.005026424850956979,0.12723918076729604,0.005276100649868412
56,-0.21999999999999975,0.0,0.15067401733605032,0.005096699173225916,0.12703170380779516,0.0051891345331443565
57,-0.21499999999999975,0.0,0.15171969607457356,0.005177951468601271,0.12731048928164618,0.005248917241711189
58,-0.20999999999999974,0.0,0.15308400636602304,0.005287465582507389,0.12833490749068502,0.005252915618191442
59,-0.20499999999999974,0.0,0.15365422917298072,0.005274206243728662,0.12907996847703598,0.005192838594889553
60,-0.19999999999999973,0.0,0.15481872268499525,0.005371816738446147,0.12933426185043903,0.005193198481302485
61,-0.19499999999999973,0.0,0.15511049567875837,0.005345977613991808,0.1304449194130507,0.005304114626415658
62,-0.18999999999999972,0.0,0.15559236097543003,0.005335197204852364,0.13157400123847776,0.005280967281333413
63,-0.18499999999999972,0.0,0.15666581287352557,0.005355139687884676,0.13298043599122955,0.005312482185097462
64,-0.17999999999999972,0.0,0.15716009359779148,0.005372700306569475,0.13334754235567925,0.005280055487009009
65,-0.1749999999999997,0.0,0.15782900364804406,0.005362537701412496,0.1347094310668472,0.0053178685525917795
66,-0.1699999999999997,0.0,0.15782665073266117,0.005349475072166302,0.13498673637240885,0.005333936896012767
67,-0.1649999999999997,0.0,0.15957248235182578,0.005373130888926526,0.13700879265933905,0.005379662291244969
68,-0.1599999999999997,0.0,0.16123308591372854,0.005449384329261063,0.13772845067446732,0.005385265009473386
69,-0.1549999999999997,0.0,0.16263644374139385,0.00547203102412453,0.13823205207557857,0.005400069777350747
70,-0.1499999999999997,0.0,0.16522553236730214,0.0055459533990007085,0.13889272411492135,0.005450074512627729
71,-0.14499999999999968,0.0,0.1685263299563373,0.005678355488360958,0.1399571685192291,0.005445002345912017
72,-0.13999999999999968,0.0,0.17088940967452707,0.005720854583347523,0.14056429095041326,0.005515920294409185
73,-0.13499999999999968,0.0,0.17533386787947025,0.005878401799129563,0.14228511158144408,0.005609997724142269
74,-0.12999999999999967,0.0,0.18129880445546762,0.006055201109124991,0.1435294561569487,0.005595582130863483
75,-0.12499999999999967,0.0,0.18706651203034913,0.006272619059500628,0.14633564919621558,0.005734142387162936
76,-0.11999999999999966,0.0,0.19284000044568977,0.006484936341421588,0.15166214412700582,0.005921152344900997
77,-0.11499999999999966,0.0,0.20012722592442267,0.006755263493758679,0.15342273862393807,0.005952165948263795
78,-0.10999999999999965,0.0,0.20740802651686882,0.007024403984012775,0.15763449921899564,0.006186887253049458
79,-0.10499999999999965,0.0,0.21564183513647192,0.007431334559597249,0.16305490230468087,0.006373991509444411
80,-0.09999999999999964,0.0,0.22149866158464834,0.0075662043743317765,0.16901402856039707,0.006670148178771331
81,-0.09499999999999964,0.0,0.22924547976262122,0.007754489576435549,0.17568130819666938,0.00691299589698613
82,-0.08999999999999964,0.0,0.23716596719501115,0.00790200531093222,0.18327181337910525,0.007280377510004721
83,-0.08499999999999963,0.0,0.24396153917466548,0.008121911496630673,0.18948353741224813,0.007607079413890623
84,-0.07999999999999963,0.0,0.2525005749140464,0.008332391454895342,0.1980840242546564,0.008073230294415437
85,-0.07499999999999962,0.0,0.2610052965825344,0.008663733010670653,0.20554389922714567,0.008472510651960155
86,-0.06999999999999962,0.0,0.2707443350045111,0.00902036899870199,0.21306939432799513,0.008975427724432699
87,-0.06499999999999961,0.0,0.279770802951771,0.009360330272509489,0.22097751259519524,0.009453428516194544
88,-0.05999999999999961,0.0,0.29106046748996933,0.009808682412556825,0.22854758534546316,0.009994286763353576
89,-0.054999999999999605,0.0,0.3047979812842129,0.010313917539111145,0.23745845018177678,0.010498296179811474
90,-0.0499999999999996,0.0,0.3187329855285012,0.010833548244838311,0.24348134237787397,0.010801808033193656
91,-0.044999999999999596,0.0,0.3303199258719492,0.011251932805445234,0.25172891693767957,0.011156940716963982
92,-0.03999999999999959,0.0,0.345266700789368,0.011839141077918903,0.2638938016673244,0.011858361526254645
93,-0.03499999999999959,0.0,0.360214544349331,0.012409871514754173,0.269332038550806,0.011898649126038652
94,-0.029999999999999583,0.0,0.3731841016522237,0.012759711461682139,0.2797404674470638,0.012411608285350885
95,-0.024999999999999578,0.0,0.3881566565126862,0.013172989697550706,0.28947259429947914,0.012938914826347219
96,-0.019999999999999574,0.0,0.4044877597283389,0.013769151213471305,0.3019179197656054,0.01346938718778334
97,-0.01499999999999957,0.0,0.42198720413516644,0.014334367763130478,0.3107843756432911,0.013744983798075271
98,-0.009999999999999565,0.0,0.4330888585442526,0.014577319854674064,0.3198861132789598,0.014091077867791594
99,-0.00499999999999956,0.0,0.4512222971231368,0.0152512218392866,0.32813135762646833,0.014082240054555748
100,4.440892098500626e-16,0.0,0.4677148496515105,0.015850921794868446,0.3399913912658726,0.014831179692383342
101,0.0050000000000004485,0.0,0.48120349750888775,0.016081907461474886,0.34800347678750976,0.015067782063786136
102,0.010000000000000453,0.0,0.4975589856347763,0.016606887268819495,0.3582130516691918,0.015508582539674678
103,0.015000000000000457,0.0,0.5110429213905855,0.016941721342567603,0.3653258436772183,0.01565520174426939
104,0.020000000000000462,0.0,0.5222484146032261,0.017128157400992345,0.3751046828856042,0.015925808430023922
105,0.025000000000000466,0.0,0.5361929886156943,0.01767016108821221,0.38516653699450687,0.01650332506196716
106,0.03000000000000047,0.0,0.5477602972986138,0.017917295677629265,0.39561136702067967,0.01731766252452873
107,0.035000000000000475,0.0,0.5565725141849786,0.01797332321567646,0.4030955430458529,0.017269305909808234
108,0.04000000000000048,0.0,0.567202675686892,0.01825875695512136,0.41253337594116973,0.017767218524165015
109,0.045000000000000484,0.0,0.5779781811750432,0.018530390701770726,0.4224049989068567,0.018218772951802346
110,0.05000000000000049,0.0,0.5943678040165894,0.019006622811372987,0.4276452089629039,0.01811472424506464
111,0.05500000000000049,0.0,0.6026678642925866,0.01919880037525265,0.4365716272668819,0.01848176365882482
112,0.0600000000000005,0.0,0.610347628629251,0.019218558398403723,0.4486377084608997,0.019294034996391308
113,0.0650000000000005,9.03995660820828e-05,0.6212088249087123,0.019651153017617627,0.45134206447844094,0.018882673540273197
114,0.0700000000000005,0.0003615982643283312,0.6295357027206943,0.019673489572163187,0.45893863733905743,0.018996528842177816
115,0.07500000000000051,0.0006327969625745796,0.639317206185896,0.019969050929036048,0.46867754857120714,0.019703521677860197
116,0.08000000000000052,0.0010847947929849937,0.6533520648737183,0.02024601354993322,0.47748316511241135,0.019981735066817306
117,0.08500000000000052,0.002802386548544567,0.6588432723046624,0.020248903718711856,0.48469398939204383,0.019926769592055978
118,0.09000000000000052,0.0019887904538058217,0.6705528329564218,0.020620229238166764,0.4877110425739602,0.019791143350885453
119,0.09500000000000053,0.0030735852467908154,0.6789862842776682,0.020637079202660863,0.49925989067585685,0.020180700282039044
120,0.10000000000000053,0.0034351835111191466,0.6863520596645383,0.020727022210075375,0.5051271263376793,0.020250642543325675
121,0.10500000000000054,0.003254384378954981,0.6932399624651794,0.020630220525619063,0.511780397156005,0.020317416756642583
122,0.11000000000000054,0.0019887904538058217,0.6993959510775104,0.020620397867507034,0.5163372172521015,0.020233836852123026
123,0.11500000000000055,0.0026215874163804014,0.7109785928851639,0.020727713545193094,0.5246099056549657,0.02036419160586562
124,0.12000000000000055,0.0018079913216416561,0.7239450970230875,0.020983563364675377,0.5328191963863379,0.020697521016231363
125,0.12500000000000056,0.002802386548544567,0.7311021923860663,0.020798084111990793,0.540813345182386,0.020535448280059817
126,0.13000000000000056,0.0017175917555595733,0.7449031795152811,0.021103739831759002,0.5518452365256101,0.020812712887040254
127,0.13500000000000056,0.0021695895859699874,0.7606322559754568,0.02109708525930742,0.5583514573598657,0.02034278579648467
128,0.14000000000000057,0.001355993491231242,0.7728243440424043,0.0209802852940132,0.5730755137873662,0.02092482186806521
129,0.14500000000000057,0.00289278611462665,0.7913190807699452,0.021092790360744143,0.5856707683148107,0.020812533117412668
130,0.15000000000000058,0.0031639848128728982,0.8137907569656702,0.021279185498288576,0.6088406247229675,0.021673169796228495
131,0.15500000000000058,0.002350388718134153,0.8387713958955654,0.02134043088313097,0.6290728707612606,0.02204000995721808
132,0.1600000000000006,0.001898390887723739,0.8725658202412226,0.02195108056661676,0.6519776453938642,0.022233605002641495
133,0.1650000000000006,0.002802386548544567,0.9022424058470756,0.02185918076275129,0.6765348075298775,0.022308048436898088
134,0.1700000000000006,0.0025311878502983186,0.9441331808349853,0.022454729016663396,0.7099968029856861,0.023008814397324443
135,0.1750000000000006,0.0017175917555595733,0.9937881048591211,0.023466132540733882,0.7458140780315986,0.0233520977498236
136,0.1800000000000006,0.002350388718134153,1.0346204609659246,0.02351361192693792,0.7740176104877742,0.02318838654842365
137,0.1850000000000006,0.002350388718134153,1.0903266582907836,0.024228806691581763,0.8220187230755625,0.024470234874561993
138,0.1900000000000006,0.0021695895859699874,1.1416171794869439,0.024716790488007335,0.8565452524099301,0.024547919784678907
139,0.19500000000000062,0.0020791900198879045,1.2002398753405916,0.02522800521765033,0.9022691065880766,0.025184829766381648
140,0.20000000000000062,0.0019887904538058217,1.2630996820354266,0.02603272885942168,0.954377843577293,0.026168771402717436
141,0.20500000000000063,0.002711986982462484,1.3225666793757467,0.026497559178631072,0.9992024411031288,0.026614879554836414
142,0.21000000000000063,0.0016271921894774905,1.388373753228518,0.027054049676746014,1.0433103606317882,0.026947062667344934
143,0.21500000000000064,0.0025311878502983186,1.4541187978831587,0.027800697376613098,1.0979691362788833,0.027851698314611806
144,0.22000000000000064,0.002711986982462484,1.5146347730494678,0.028145311111838347,1.1488314807929776,0.02807662637432989
145,0.22500000000000064,0.002802386548544567,1.5825037389316878,0.02885089401230766,1.207627535394252,0.02885483573526481
146,0.23000000000000065,0.0024407882842162358,1.6471211116019973,0.029427344459040907,1.2533442645803141,0.02907474907625356
147,0.23500000000000065,0.0024407882842162358,1.7137794480501292,0.030001712501394856,1.3131251077783384,0.030125597195420725
148,0.24000000000000066,0.0034351835111191466,1.7672536422978853,0.030310370370847307,1.3665755011506295,0.030683469713482455
149,0.24500000000000066,0.0030735852467908154,1.8396176888051605,0.031248094549803887,1.4132975139666555,0.03089632328033799
150,0.25000000000000067,0.003254384378954981,1.88416927658813,0.031180850359678405,1.4669231646534269,0.031452513225428254
151,0.25500000000000067,0.0036159826432833123,1.9456614737420113,0.03190141742708587,1.5199201454307683,0.0325335223784245
152,0.2600000000000007,0.0036159826432833123,1.9944723900897603,0.031973350769619914,1.558044296345043,0.03264808839345207
153,0.2650000000000007,0.004067980473693726,2.0445851537497006,0.032656168380945434,1.609096808611334,0.03358168009010827
154,0.2700000000000007,0.004248779605857892,2.093037602730133,0.03307844084404501,1.649839086261516,0.033896620725072525
155,0.2750000000000007,0.007051166154402459,2.1364441249905672,0.03325907760208648,1.6983085681540087,0.03488007197446943
156,0.2800000000000007,0.005695172663171217,2.172659732105307,0.033382799758292496,1.73438333200864,0.035141208967342394
157,0.2850000000000007,0.005423973964924968,2.2101281036524187,0.033900154817932446,1.7632370105441546,0.03546853032993119
158,0.2900000000000007,0.0063279696257457965,2.237365310087002,0.03394778195579589,1.793435138939963,0.035743277783871055
159,0.2950000000000007,0.0057855722292533,2.256468650982246,0.033944847239246664,1.82157032088396,0.0361301396941491
160,0.3000000000000007,0.005514373531007051,2.2867165673700733,0.034370453217431804,1.8537819230458075,0.03659728492912453
161,0.3050000000000007,0.006056770927499548,2.3113867915568407,0.034665801897681134,1.8739268236709452,0.03704802761642863
162,0.3100000000000007,0.005604773097089134,2.326752203552981,0.03491693912917242,1.9006926437449712,0.03745891190985834
163,0.3150000000000007,0.006960766588320376,2.3450661372494097,0.03521236604498167,1.90513440594297,0.037112496997680246
164,0.32000000000000073,0.005966371361417465,2.342938388689797,0.03471602041301553,1.9254597103545643,0.03752599588914148
165,0.32500000000000073,0.006147170493581631,2.3492021590296344,0.03473462855877767,1.940889155149977,0.037989950544949566
166,0.33000000000000074,0.006418369191827879,2.35558044695916,0.03495222890190219,1.943857197684698,0.03756950001686641
167,0.33500000000000074,0.006418369191827879,2.361045445508521,0.03481052728838777,1.9531117821072699,0.03780738707922574
168,0.34000000000000075,0.007503163984812873,2.3591250346887533,0.034725729046418255,1.9492045554528388,0.03760043113769782
169,0.34500000000000075,0.005875971795335382,2.3508381691573987,0.03451877575796788,1.944000978232605,0.037244606696473066
170,0.35000000000000075,0.006960766588320376,2.3536498061965574,0.03487656257119495,1.964376140149897,0.03797815003620624
171,0.35500000000000076,0.0067799674561562105,2.3494330044477345,0.03493451385276497,1.9472521498115716,0.037275676682518556
172,0.36000000000000076,0.00515277526667872,2.3245972280791025,0.03418050484789599,1.9543591130323266,0.03751119597255952
173,0.36500000000000077,0.005966371361417465,2.3242359334766065,0.034296337550819254,1.9582755530661617,0.03781042008862741
174,0.3700000000000008,0.005966371361417465,2.3147522411850656,0.034287312136980636,1.9506144309000133,0.03743909073041241
175,0.3750000000000008,0.00515277526667872,2.297984900306962,0.033923751638866635,1.9487695264314253,0.03743547415715203
176,0.3800000000000008,0.005695172663171217,2.2880726334696444,0.034120406537487394,1.9409743638907295,0.037328375028165356
177,0.3850000000000008,0.004791177002350389,2.2748818294787125,0.03385601516530025,1.9389775586961169,0.03762363096267117
178,0.3900000000000008,0.004971976134514554,2.2546684983120446,0.033488170691914704,1.9321231046407992,0.037383126335290257
179,0.3950000000000008,0.004339179171939975,2.2429610204132797,0.03318371797192932,1.9241044507936778,0.03704771216524222
180,0.4000000000000008,0.004158380039775809,2.2337040205361536,0.033560587049161615,1.9122439604248411,0.0369551225953152
181,0.4050000000000008,0.0038871813415295607,2.2090635248708104,0.032987799934973576,1.910175921242145,0.03701378714235692
182,0.4100000000000008,0.00289278611462665,2.1927820453898335,0.03287433786976476,1.8942260655742718,0.036482162972454074
183,0.4150000000000008,0.0030735852467908154,2.1842655135390556,0.0329964054404533,1.889384577583831,0.036330701015364515
184,0.4200000000000008,0.003344783945037064,2.1669911758406686,0.03295592937661288,1.8945022688615059,0.036988190239204355
185,0.4250000000000008,0.0020791900198879045,2.152670557978258,0.032731413755820934,1.886419543479294,0.03652034062943787
186,0.4300000000000008,0.0030735852467908154,2.1200044111034835,0.0321252594744057,1.877433128056753,0.03613188427279066
187,0.43500000000000083,0.002802386548544567,2.1095175724193194,0.03198422980938555,1.8653365885832507,0.03568780581342515
188,0.44000000000000083,0.003254384378954981,2.1031651873394113,0.032348623170032946,1.8662877410511003,0.03572792323505998
189,0.44500000000000084,0.0036159826432833123,2.0783749439171113,0.03196156035325718,1.8652717029409533,0.0361872583124158
190,0.45000000000000084,0.0025311878502983186,2.064171732547623,0.03186542346239821,1.8519013360054914,0.035684172830822355
191,0.45500000000000085,0.00225998915205207,2.0333450822082595,0.031293231052821335,1.8509890948137815,0.03568477588575499
192,0.46000000000000085,0.002802386548544567,2.0148145411122718,0.03121153444950534,1.8457594469493643,0.0356270222209409
193,0.46500000000000086,0.002350388718134153,1.9945792095683441,0.03081495619291626,1.8461285490762245,0.03582494546901371
194,0.47000000000000086,0.003706382209365395,1.9693475436167032,0.030530586409129735,1.8329165877812703,0.035261253008465734
195,0.47500000000000087,0.0025311878502983186,1.9522955402641113,0.030605069737205618,1.826291347031719,0.03531134669551742
196,0.48000000000000087,0.0012655939251491593,1.9344665721619225,0.030461160777813204,1.8188567440036922,0.03496429565243852
197,0.4850000000000009,0.001898390887723739,1.921307812769657,0.030539960978266747,1.8068078771950362,0.034568746020244304
198,0.4900000000000009,0.002350388718134153,1.8912149845920294,0.029991959217926658,1.7993716458193558,0.03446553959728162
199,0.4950000000000009,0.001355993491231242,1.8780600716448141,0.02996235658779799,1.7860290823302616,0.033740829963675924
200,0.5000000000000009,0.0020791900198879045,1.8561588077051838,0.029612621342242733,1.7827681554246897,0.0339141802082893
201,0.5050000000000008,0.002711986982462484,1.83055073888661,0.029300536913656097,1.777287183142815,0.03397483806862852
202,0.5100000000000009,0.001446393057313325,1.8133975979181571,0.02948909762554834,1.767087282631174,0.033579999875721155
203,0.515000000000001,0.0019887904538058217,1.7880560031794033,0.02864332307298955,1.76321940130183,0.033597459806418276
204,0.5200000000000009,0.0017175917555595733,1.7717882149050947,0.028820332530289802,1.75209701809683,0.03332490271819785
205,0.5250000000000008,0.0018079913216416561,1.7472792531587222,0.028320120816420297,1.7369795274432733,0.03264913930535628
206,0.5300000000000009,0.001355993491231242,1.7255225714594555,0.027870536075808857,1.7356697722161103,0.03312133461510294
207,0.535000000000001,0.0021695895859699874,1.7078554032468567,0.027801121616794322,1.728539615795279,0.032839848207655294
208,0.5400000000000009,0.0009943952269029109,1.6915126177378634,0.027833262058981328,1.724116254894981,0.0329814936866909
209,0.5450000000000008,0.001446393057313325,1.6722040103561078,0.027548036821700247,1.7149866707439312,0.03268739519317545
210,0.5500000000000009,0.0012655939251491593,1.6465704434333748,0.027069772287963253,1.708796382639613,0.03260611158097022
211,0.555000000000001,0.0018079913216416561,1.637954350889334,0.027693341767680717,1.7004927788745139,0.03225990737618813
212,0.5600000000000009,0.001355993491231242,1.6113891571381782,0.027121856353658453,1.702389438348782,0.0324580129626911
213,0.5650000000000008,0.0012655939251491593,1.5919341004245573,0.02705172156440296,1.6955232587191182,0.03238868214374227
214,0.570000000000001,0.0016271921894774905,1.5706860853716085,0.026682547016612167,1.6891786824887793,0.03220440796925084
215,0.5750000000000011,0.0009039956608208281,1.5607548503183468,0.02677005305586796,1.6872320958262972,0.031875686495421676
216,0.580000000000001,0.0011751943590670765,1.5362774131800359,0.0261374131376336,1.681786346366491,0.031791764722020555
217,0.5850000000000009,0.0012655939251491593,1.5188231262309893,0.02608693026518289,1.6777014449531014,0.031712424448178546
218,0.590000000000001,0.0016271921894774905,1.4987433847539475,0.025934035603734196,1.6703444538229313,0.031190471707499248
219,0.5950000000000011,0.0019887904538058217,1.4871423195435327,0.026079809670530526,1.6663290677898221,0.03128161684262095
220,0.600000000000001,0.0005423973964924968,1.463981429501836,0.025418245230309777,1.658832356210867,0.031043587298478188
221,0.6050000000000009,0.0016271921894774905,1.445720275579922,0.025364353632740626,1.6522667938391518,0.0306972184442309
222,0.610000000000001,0.0005423973964924968,1.425948132653236,0.02504460539507255,1.6536917676691751,0.03094937587234045
223,0.6150000000000011,0.0012655939251491593,1.4030621593643575,0.024678000228184286,1.6461351599100502,0.03072940367497868
224,0.620000000000001,0.0011751943590670765,1.38664490540842,0.024651313993776666,1.640592866735982,0.030252432483638854
225,0.6250000000000009,0.0009943952269029109,1.3665175717246354,0.02417851513930382,1.6436823777559455,0.030586477935320728
226,0.630000000000001,0.0012655939251491593,1.3522712618657986,0.02419095523558806,1.6387529164848964,0.030526170774050537
227,0.6350000000000011,0.0015367926233954077,1.3376023536966781,0.024107157830816295,1.628854362806075,0.030384077595925554
228,0.640000000000001,0.0012655939251491593,1.3181039473780896,0.02377015514148997,1.6269058068115283,0.030584605716298098
229,0.6450000000000009,0.0009943952269029109,1.3043411468670039,0.02367345394806354,1.6172897892428724,0.03041634318266457
230,0.650000000000001,0.0009943952269029109,1.290580691373796,0.023481657099454798,1.6104931631795296,0.03027724139720587
231,0.6550000000000011,0.0011751943590670765,1.2730355587870863,0.023295815683800344,1.6044760101451196,0.030402100100684053
232,0.660000000000001,0.0009943952269029109,1.2563288413475555,0.023002686104929865,1.6003239682536763,0.03031233345980001
233,0.6650000000000009,0.0007231965286566625,1.2411688348780987,0.022930044402848293,1.5961730779985108,0.03025493877518797
234,0.670000000000001,0.0007231965286566625,1.224057057785301,0.02276844303754994,1.5940400895050595,0.030449412346223403
235,0.6750000000000012,0.0008135960947387453,1.2074826605566868,0.02251264942202135,1.584889138555224,0.03003338940575154
236,0.680000000000001,0.0012655939251491593,1.1855886972027168,0.02209492360825126,1.575106721745854,0.029635464946569587
237,0.6850000000000009,0.0010847947929849937,1.1743088939984405,0.022076491740813716,1.5847496875560638,0.030251749519097496
238,0.6900000000000011,0.0006327969625745796,1.15704175355124,0.02186908387044229,1.58053144438765,0.03015774485395699
239,0.6950000000000012,0.0003615982643283312,1.142571188039118,0.02170363516584217,1.5758272864670133,0.030034525360379725
240,0.7000000000000011,0.0009039956608208281,1.1325262324432106,0.021802075068694835,1.5742165699574389,0.030267181100057362
241,0.705000000000001,0.0008135960947387453,1.1161546289023128,0.02152025512493436,1.5627547562092976,0.029891417853016546
242,0.7100000000000011,0.0009039956608208281,1.1010568936381757,0.021337299204964934,1.5564603992272197,0.029963768778035877
243,0.7150000000000012,0.0006327969625745796,1.0882453241403034,0.021357278812212877,1.5495739202160446,0.030061764774198408
244,0.7200000000000011,0.0008135960947387453,1.0748278598948846,0.0212723034849519,1.5451319975250284,0.030111660401214473
245,0.725000000000001,0.0008135960947387453,1.062035711954319,0.021139980734927212,1.5311753606082723,0.02967980192775953
246,0.7300000000000011,0.0008135960947387453,1.041646776445244,0.020754764106857507,1.5281660298657294,0.029719648552109804
247,0.7350000000000012,0.0006327969625745796,1.0295997012910907,0.02070184137013462,1.5189809866840522,0.029392510715308028
248,0.7400000000000011,0.0006327969625745796,1.0138963119611653,0.02046512881348024,1.5189575984677732,0.029744204679778733
249,0.745000000000001,0.0009039956608208281,0.9976269971155685,0.020320991148716872,1.5075997292903276,0.02932881313013722
250,0.7500000000000011,0.0010847947929849937,0.9828931343504279,0.0201782900573034,1.5016141600605188,0.02923279626524582
251,0.7550000000000012,0.0012655939251491593,0.9625887204231979,0.019766453673757692,1.4932684987855858,0.029006288610919105
252,0.7600000000000011,0.0003615982643283312,0.9545667795251092,0.019821369926479586,1.4864132031422315,0.029017714921400272
253,0.765000000000001,0.00045199783041041403,0.9384749893658271,0.019590936262671166,1.4797476434115469,0.02899399047144668
254,0.7700000000000011,0.0009039956608208281,0.9273350119350284,0.01940954862969173,1.4783839203033484,0.028980873186603237
255,0.7750000000000012,0.0007231965286566625,0.9114645643096048,0.019035390121386598,1.471044138099755,0.028866206345898853
256,0.7800000000000011,0.0008135960947387453,0.9008449442272256,0.019087620472432728,1.4637681323544722,0.02889307675266226
257,0.785000000000001,0.0006327969625745796,0.8862678122001254,0.01872683061421423,1.456194395629435,0.028668239594244263
258,0.7900000000000011,0.00045199783041041403,0.8763923571679237,0.018725463546754372,1.448009367826411,0.028769278588348726
259,0.7950000000000013,0.0005423973964924968,0.8633248995919389,0.01843486182123863,1.4441316650120508,0.028664320264489795
260,0.8000000000000012,0.0005423973964924968,0.851990970253761,0.018262975356353652,1.4320642678081605,0.028375270680641215
261,0.805000000000001,0.0006327969625745796,0.846129777677412,0.01842834106555187,1.4297108308362358,0.028496697040227944
262,0.8100000000000012,0.0003615982643283312,0.8278210737752739,0.017815637237729946,1.4210991421086425,0.028427483476487887
263,0.8150000000000013,0.0003615982643283312,0.817420178050495,0.01777012540005641,1.4135442969822725,0.028134385092727456
264,0.8200000000000012,0.0001807991321641656,0.8053930712350236,0.017532558655337156,1.409416196966542,0.028254774178800825
265,0.8250000000000011,0.0003615982643283312,0.7934552781244882,0.017520633830398185,1.40701565910719,0.02840476990331314
266,0.8300000000000012,0.0010847947929849937,0.7836739849771261,0.017328072777549414,1.4034456365637644,0.02846854470430705
267,0.8350000000000013,0.0007231965286566625,0.773422537298248,0.01734457981150075,1.3925545746638468,0.02816328865443546
268,0.8400000000000012,0.0006327969625745796,0.7602864439363619,0.0171641907305101,1.3855417283129083,0.027908096472345698
269,0.8450000000000011,0.0002711986982462484,0.7491328061895147,0.017021182128419743,1.3799195311625374,0.028049534279342377
270,0.8500000000000012,9.03995660820828e-05,0.7369267168859701,0.016956988209323842,1.3650826661513404,0.027818375423263954
271,0.8550000000000013,0.0,0.7246730064876646,0.016857223055260658,1.3579296220793726,0.027844525278072563
272,0.8600000000000012,0.0003615982643283312,0.7101291670472492,0.016402035795864304,1.3426125605046506,0.02745530783503704
273,0.8650000000000011,0.0002711986982462484,0.7017073195363407,0.016503134657051124,1.3379346135845096,0.027642057121412083
274,0.8700000000000012,0.0003615982643283312,0.6893795708380592,0.016291721142389703,1.3276782262028084,0.027763894898310847
275,0.8750000000000013,0.0002711986982462484,0.676242308654852,0.01601123246606739,1.3200689024061516,0.02768596664901534
276,0.8800000000000012,0.0006327969625745796,0.6667114010694054,0.015927299608643048,1.2978628591314936,0.027120014946680097
277,0.8850000000000011,0.0005423973964924968,0.655612849280071,0.015739759229718864,1.2934948212512412,0.027327542270319645
278,0.8900000000000012,9.03995660820828e-05,0.6478417968494433,0.015629466405253586,1.2782618259396452,0.02702042313371023
279,0.8950000000000014,0.0002711986982462484,0.638449964967963,0.015570841388662876,1.2724524238495334,0.027221345292385832
280,0.9000000000000012,0.0001807991321641656,0.6265149614152001,0.01520030022174583,1.2579152255705823,0.027131557406798217
281,0.9050000000000011,0.0002711986982462484,0.6194090030176084,0.01524911681242356,1.2426445328094682,0.02677623005886112
282,0.9100000000000013,0.0003615982643283312,0.6131185747252902,0.015090105287425276,1.2237629556444969,0.026275659467674153
283,0.9150000000000014,0.0002711986982462484,0.6047703667065064,0.014842367590835225,1.2169669673145225,0.026555051104934713
284,0.9200000000000013,0.0005423973964924968,0.5980667685555688,0.014943481547305449,1.2043240897889556,0.026085116932206748
285,0.9250000000000012,0.00045199783041041403,0.5888221483606317,0.0146072914359449,1.1963266532763372,0.026096299800009107
286,0.9300000000000013,0.0001807991321641656,0.5818966211350611,0.014563670408222196,1.1863695157850307,0.026070444201519664
287,0.9350000000000014,0.0005423973964924968,0.5743393359971114,0.014471100077920246,1.173074390290679,0.02569596376360753
288,0.9400000000000013,0.0,0.5716854736751689,0.014651535343855646,1.1582574123936977,0.025132758067281664
289,0.9450000000000012,0.0002711986982462484,0.5633446638654835,0.014343356090338493,1.148185890270036,0.025112622868909834
290,0.9500000000000013,0.0001807991321641656,0.5554003790448625,0.01421909948490739,1.138929295257493,0.025103605291926616
291,0.9550000000000014,9.03995660820828e-05,0.5467785830710367,0.013939426201236005,1.1251212248672067,0.024646586184427485
292,0.9600000000000013,0.0,0.5433067610227486,0.01402999697284568,1.1230717987734815,0.02480398812014326
293,0.9650000000000012,0.00045199783041041403,0.5328992067299203,0.013762478504627996,1.1131746050931337,0.02460116061841125
294,0.9700000000000013,0.00045199783041041403,0.5282231025473569,0.013748629858584787,1.1069794905749846,0.02437846208301109
295,0.9750000000000014,0.00045199783041041403,0.5185380140824958,0.013591777041354579,1.1009166852745944,0.024530723946755192
296,0.9800000000000013,9.03995660820828e-05,0.5097567036492895,0.013293151012396767,1.0948437307580925,0.024333929795585907
297,0.9850000000000012,0.0003615982643283312,0.5021794691255224,0.013198555961645708,1.089968151018318,0.024332128703048093
298,0.9900000000000013,9.03995660820828e-05,0.4912383517602002,0.012870368814147394,1.080260571239068,0.024245243010978405
299,0.9950000000000014,0.0001807991321641656,0.48687496872596614,0.012989617747851845,1.0742973896917338,0.02431199083535941
300,1.0000000000000013,9.03995660820828e-05,0.47599716489260396,0.012733002967683755,1.0641225953816447,0.023865778796842377
301,1.0050000000000012,0.0003615982643283312,0.47026677642787174,0.012634663660025735,1.0620249614358945,0.024039017504864462
302,1.0100000000000013,0.0003615982643283312,0.4641725949856995,0.012578678552809275,1.0562430243133585,0.024017250451428926
303,1.0150000000000015,0.0001807991321641656,0.45861462200464403,0.012504943262292612,1.0467406798767946,0.023628584053921393
304,1.0200000000000014,0.0003615982643283312,0.45079116895269167,0.012204273528532544,1.0470692454997368,0.023962393402164276
305,1.0250000000000012,0.0002711986982462484,0.4473531981076956,0.01221900859216645,1.0392931126952232,0.023756310163241357
306,1.0300000000000014,0.0001807991321641656,0.43872804975941937,0.011900011244830148,1.0348266940895179,0.02390239073060517
307,1.0350000000000015,0.0002711986982462484,0.4363205429647373,0.01190873745205927,1.0280090651837952,0.023664060776115395
308,1.0400000000000014,0.0002711986982462484,0.4348884468616202,0.011939191859574233,1.0247274376016684,0.02379285931098017
309,1.0450000000000013,9.03995660820828e-05,0.42987551269491037,0.011746258186603924,1.0176096559180476,0.023764062722616178
310,1.0500000000000014,9.03995660820828e-05,0.42575752888113116,0.011822218732325971,1.0074919135530855,0.023663686236461933
311,1.0550000000000015,0.0003615982643283312,0.42304819428275137,0.011771878004636058,0.9997408212158079,0.02379348315538512
312,1.0600000000000014,0.0002711986982462484,0.4188924276305354,0.011603247225966439,0.9879251731890419,0.0235108845152954
313,1.0650000000000013,9.03995660820828e-05,0.4169883193073155,0.01163461716007579,0.9788910181343174,0.023427933112189887
314,1.0700000000000014,0.0001807991321641656,0.41233024532099544,0.011522549237721355,0.9648723158477188,0.023052860040353004
315,1.0750000000000015,0.0001807991321641656,0.40797126641496695,0.011444547946731505,0.9635284289274386,0.02316047181305502
316,1.0800000000000014,0.0001807991321641656,0.4063263080356718,0.011518903940959184,0.9546656462332064,0.023051107420656417
317,1.0850000000000013,0.00045199783041041403,0.40154953432537116,0.011372899303045912,0.9454127891081435,0.0229623066388159
318,1.0900000000000014,0.0001807991321641656,0.40031945108385864,0.011605831318821452,0.9391658534549848,0.02269492324180991
319,1.0950000000000015,0.0002711986982462484,0.3944642297998478,0.011283838430047237,0.9316744048744376,0.022815049150098538
320,1.1000000000000014,0.0003615982643283312,0.3934025154253044,0.011502769751294386,0.9271001736054445,0.022981089839923925
321,1.1050000000000013,0.0001807991321641656,0.3893960009330144,0.011430909467253409,0.9145106056740226,0.02240509939507538
322,1.1100000000000014,0.0003615982643283312,0.38680300528083494,0.0113598415751401,0.9115934872819523,0.022629108044879383
323,1.1150000000000015,0.0002711986982462484,0.3844133776438669,0.011400344067673986,0.9092257937832323,0.022702088390552384
324,1.1200000000000014,0.00045199783041041403,0.38058643686225685,0.011280110561675449,0.9002810311435898,0.022408203491085472
325,1.1250000000000013,0.0,0.37906671181552565,0.012226488279041525,0.8956326769918372,0.022300877677791868
326,1.1300000000000014,0.0001807991321641656,0.3734660104190497,0.011263218501503133,0.8833383184292171,0.022010166053834858
327,1.1350000000000016,0.0002711986982462484,0.37038204813099707,0.011250219203111738,0.8797934747588607,0.022162559158455875
328,1.1400000000000015,0.0003615982643283312,0.3672936117014997,0.011152441228344214,0.8714037269360126,0.02220447662879725
329,1.1450000000000014,9.03995660820828e-05,0.36600858475028797,0.011262032374774746,0.8628633867757651,0.02206574427712549
330,1.1500000000000015,0.0001807991321641656,0.36378188209850476,0.011256301018778373,0.852987889654032,0.021889202845074902
331,1.1550000000000016,0.0001807991321641656,0.3599255571940709,0.011127885850616128,0.844847905172907,0.021612973261890867
332,1.1600000000000015,0.0001807991321641656,0.3599621812049744,0.011602300678016864,0.8380457511416421,0.021635118375565095
333,1.1650000000000014,0.0001807991321641656,0.3588509965919726,0.012379621537408386,0.828915848969631,0.021265694706406515
334,1.1700000000000015,0.0002711986982462484,0.3531577701452115,0.011097250557731347,0.8182119572298836,0.02121338014565607
335,1.1750000000000016,0.0,0.3535970537232778,0.01138193985679272,0.8135064735489372,0.020987309289695364
336,1.1800000000000015,9.03995660820828e-05,0.3484821249443868,0.01094399710517275,0.8100684773139142,0.021110611959891362
337,1.1850000000000014,0.0003615982643283312,0.34692731375559965,0.011037372569048683,0.8020668972818149,0.020920208217104233
338,1.1900000000000015,9.03995660820828e-05,0.34347732059546926,0.01086664478488489,0.8025663537737654,0.02097368693493479
339,1.1950000000000016,0.0001807991321641656,0.34246816827430376,0.011855555750699584,0.7985421183326128,0.021085934966695988
340,1.2000000000000015,0.0001807991321641656,0.3396265083533051,0.010760314525812515,0.7902303600908093,0.020821204522097087
341,1.2050000000000014,0.0001807991321641656,0.3367516838184086,0.010615934118638167,0.7851474545749956,0.020774042040458855
342,1.2100000000000015,0.0001807991321641656,0.33717798862136394,0.011776638092420477,0.7778798420678072,0.02064241783762039
343,1.2150000000000016,0.0001807991321641656,0.33445110563932257,0.011604411605633197,0.7751440123413773,0.020694274887532633
344,1.2200000000000015,0.0002711986982462484,0.3317886932292784,0.010728503269540684,0.7741140684368174,0.020763314402843045
345,1.2250000000000014,9.03995660820828e-05,0.3312192346437545,0.010706084446516493,0.7693227403532259,0.02062263962858772
346,1.2300000000000015,9.03995660820828e-05,0.3300430951201564,0.01077203882446285,0.7659413626337711,0.020613308946607206
347,1.2350000000000017,9.03995660820828e-05,0.32731373055798124,0.010697153521099068,0.7628766241829721,0.0206952353784035
348,1.2400000000000015,9.03995660820828e-05,0.3275899409186606,0.010792422224370735,0.7567350111539992,0.02051929438496024
349,1.2450000000000014,0.0001807991321641656,0.3257955487237847,0.010717084432957887,0.7496576915836148,0.02031369350172376
350,1.2500000000000016,0.0001807991321641656,0.32420945864996115,0.010682623863257133,0.7462416986608364,0.02033577704498022
351,1.2550000000000017,0.0,0.32318232798626817,0.010825354592864619,0.7422126209682531,0.020325097219796952
352,1.2600000000000016,0.0003615982643283312,0.3196616934254599,0.010550016730108953,0.7395831828494516,0.0203794924327526
353,1.2650000000000015,0.0001807991321641656,0.32061877447744364,0.010650947105019775,0.7334589767988137,0.020139626476847403
354,1.2700000000000016,9.03995660820828e-05,0.31770504764933505,0.010464698752291493,0.7302755728328036,0.020135646070180806
355,1.2750000000000017,0.0001807991321641656,0.31879383747912926,0.010563478385757325,0.7231973240470582,0.01991484580600653
356,1.2800000000000016,0.0002711986982462484,0.31666231977947307,0.010366658791923175,0.7176244953523165,0.01992678672276018
357,1.2850000000000015,0.0001807991321641656,0.3162071731075779,0.010410861960941655,0.7092583498025175,0.01989750785011806
358,1.2900000000000016,0.0002711986982462484,0.31386156628726813,0.01032861989260936,0.6992958012334455,0.019520688614885078
359,1.2950000000000017,0.0001807991321641656,0.3128711806557098,0.01033137525196532,0.6974673901109701,0.019694083697508535
360,1.3000000000000016,9.03995660820828e-05,0.31324630094723765,0.010192827421136913,0.6897990228958496,0.01936772077859885
361,1.3050000000000015,0.0001807991321641656,0.31130216625112817,0.00999169088554337,0.6853925594788595,0.01944313085708804
362,1.3100000000000016,0.0003615982643283312,0.3136927564157854,0.010468216344285929,0.680040515258942,0.01932453344748833
363,1.3150000000000017,9.03995660820828e-05,0.312280080967976,0.010231893851536483,0.6745040380468037,0.01922986763714343
364,1.3200000000000016,0.0001807991321641656,0.31109439395489247,0.010073483313352425,0.6701629171730843,0.01935438753416643
365,1.3250000000000015,9.03995660820828e-05,0.3122808173729156,0.010195915672225985,0.6625461267392441,0.01917689458513543
366,1.3300000000000016,0.0002711986982462484,0.31178558994058747,0.010113274141473364,0.6565032888238655,0.019190127098852663
367,1.3350000000000017,0.0001807991321641656,0.30969576291792106,0.010079409447489534,0.6517462507037485,0.019036875838269556
368,1.3400000000000016,0.0001807991321641656,0.31198470097294356,0.010405138812473954,0.6447660292842463,0.018998108246944315
369,1.3450000000000015,0.0002711986982462484,0.311245632498792,0.010209286285157593,0.636819506807451,0.01879947219490681
370,1.3500000000000016,9.03995660820828e-05,0.31265563679300007,0.010340529138817653,0.6323062522986577,0.018873643573942094
371,1.3550000000000018,0.0,0.3124167506588788,0.010246084087354935,0.6292584868291159,0.019000190167459942
372,1.3600000000000017,0.0002711986982462484,0.31260385226898074,0.010285693024385076,0.6265583562664679,0.01890615379680038
373,1.3650000000000015,0.0,0.31566337127340227,0.010433805448677023,0.6246775360936715,0.01887069495229936
374,1.3700000000000017,9.03995660820828e-05,0.31470695353748457,0.01030813720655891,0.6215979777339757,0.01877200386858249
375,1.3750000000000018,0.0001807991321641656,0.3161218340397391,0.01052847710234449,0.6169678664762501,0.0185973738938097
376,1.3800000000000017,0.0001807991321641656,0.31650196801087466,0.01040380096086522,0.6165912757633932,0.018716376131866604
377,1.3850000000000016,0.0001807991321641656,0.3171915686097952,0.010507414095051262,0.6172039205137144,0.018897748481366838
378,1.3900000000000017,0.0001807991321641656,0.3163220453555752,0.010423217176195956,0.6161837871291319,0.01896619685471505
379,1.3950000000000018,0.0001807991321641656,0.3179497051304811,0.010583430931060688,0.6145743251458458,0.018981969113924985
380,1.4000000000000017,0.0003615982643283312,0.3188832621603968,0.01061999416153936,0.6096032601858549,0.01882170158973042
381,1.4050000000000016,0.0002711986982462484,0.3192147080308407,0.010657218898035562,0.606861536397776,0.01866926072943552
382,1.4100000000000017,0.0001807991321641656,0.3209212244905655,0.010990464924421309,0.6043995669166677,0.01870267353898226
383,1.4150000000000018,9.03995660820828e-05,0.3208313722349076,0.010756291724740557,0.5981397007966885,0.01843841353934846
384,1.4200000000000017,0.0002711986982462484,0.32244642907673116,0.010910328866442267,0.5931602125461145,0.018346527068075925
385,1.4250000000000016,9.03995660820828e-05,0.32390063147326453,0.010948310464460164,0.5927498225347012,0.018472776855525806
386,1.4300000000000017,0.0001807991321641656,0.32611773431485264,0.011011167833699981,0.5871783619690454,0.01825529612364039
387,1.4350000000000018,9.03995660820828e-05,0.32777547892336495,0.011202357178171219,0.5828240370403744,0.018264093256905194
388,1.4400000000000017,0.0,0.3282684304606308,0.011073623710096217,0.5792886087707637,0.018159865113144043
389,1.4450000000000016,0.0,0.32759279136701785,0.011057586726408596,0.5737967353954907,0.01795023303642945
390,1.4500000000000017,0.0002711986982462484,0.3269051977793614,0.01122509115758253,0.5729105777882131,0.01824504124178855
391,1.4550000000000018,0.0002711986982462484,0.32935625260756013,0.011345356999767171,0.5671890794662889,0.017910683159525063
392,1.4600000000000017,0.0001807991321641656,0.3293070105403409,0.011376548111391155,0.5677323228263899,0.01807436749028555
393,1.4650000000000016,9.03995660820828e-05,0.32794674911806765,0.011031354085298461,0.5617754239625156,0.017586891477087346
394,1.4700000000000017,9.03995660820828e-05,0.32912301127217414,0.011205070485589814,0.560033274757267,0.017510440592199347
395,1.4750000000000019,9.03995660820828e-05,0.3289650250917631,0.011266939546293297,0.5604831747403461,0.017600958800208812
396,1.4800000000000018,0.0001807991321641656,0.3290576001389074,0.01119667999204698,0.5592069953328765,0.01767001363732813
397,1.4850000000000017,0.0,0.33044773140982836,0.01114403449480585,0.5578147106993825,0.017476065389399855
398,1.4900000000000018,0.0001807991321641656,0.33034146480742926,0.01107312905954684,0.5603208207058655,0.017744828288136297
399,1.4950000000000019,0.0002711986982462484,0.33154780103676107,0.011237611880252817,0.5596028973646896,0.017802125285012804
